-- phpMyAdmin SQL Dump
-- version 5.2.0
-- https://www.phpmyadmin.net/
--
-- Host: 127.0.0.1
-- Generation Time: Nov 12, 2022 at 06:42 PM
-- Server version: 10.4.24-MariaDB
-- PHP Version: 7.4.29

SET SQL_MODE = "NO_AUTO_VALUE_ON_ZERO";
START TRANSACTION;
SET time_zone = "+00:00";


/*!40101 SET @OLD_CHARACTER_SET_CLIENT=@@CHARACTER_SET_CLIENT */;
/*!40101 SET @OLD_CHARACTER_SET_RESULTS=@@CHARACTER_SET_RESULTS */;
/*!40101 SET @OLD_COLLATION_CONNECTION=@@COLLATION_CONNECTION */;
/*!40101 SET NAMES utf8mb4 */;

--
-- Database: `evoting`
--

-- --------------------------------------------------------

--
-- Table structure for table `data_pemilih`
--

CREATE TABLE `data_pemilih` (
  `id` int(9) NOT NULL,
  `nis` varchar(9) NOT NULL,
  `username` varchar(50) NOT NULL,
  `password` varchar(50) NOT NULL,
  `nama` varchar(50) NOT NULL,
  `kelas` varchar(20) NOT NULL,
  `idkelas` varchar(9) NOT NULL,
  `jk` varchar(1) NOT NULL,
  `status` varchar(50) NOT NULL,
  `aktif` tinyint(1) NOT NULL
) ENGINE=InnoDB DEFAULT CHARSET=latin1;

--
-- Dumping data for table `data_pemilih`
--

INSERT INTO `data_pemilih` (`id`, `nis`, `username`, `password`, `nama`, `kelas`, `idkelas`, `jk`, `status`, `aktif`) VALUES
(1, '2213141', '2213141', '2213141', 'AHMAT FAHREL YULIANTO', 'X TPFL', '1', 'L', 'Sudah Memilih', 1),
(2, '2213143', '2213143', '2213143', 'ALVIN AGUSTIN SETIAWAN', 'X TPFL', '1', 'L', 'Belum Memilih', 1),
(3, '2213144', '2213144', '2213144', 'ANANDA RIZKY SAPUTRA', 'X TPFL', '1', 'L', 'Belum Memilih', 1),
(4, '2213145', '2213145', '2213145', 'ANDRE MAULANA NUGROHO', 'X TPFL', '1', 'L', 'Belum Memilih', 1),
(5, '2213146', '2213146', '2213146', 'ARDHIAN DWI RAMADHAN', 'X TPFL', '1', 'L', 'Sudah Memilih', 1),
(6, '2213147', '2213147', '2213147', 'ARIYA ADITIYAH SAPUTRA', 'X TPFL', '1', 'L', 'Belum Memilih', 1),
(7, '2213148', '2213148', '2213148', 'ASIP JALALUDIN', 'X TPFL', '1', 'L', 'Belum Memilih', 1),
(8, '2213149', '2213149', '2213149', 'BILAL AHNAF FAIZ', 'X TPFL', '1', 'L', 'Sudah Memilih', 1),
(9, '2213150', '2213150', '2213150', 'DIAN BAGUS PRASETIO', 'X TPFL', '1', 'L', 'Belum Memilih', 1),
(10, '2213151', '2213151', '2213151', 'FARHAN SOFYAN HASAN', 'X TPFL', '1', 'L', 'Sudah Memilih', 1),
(11, '2213152', '2213152', '2213152', 'FARID ALBAR', 'X TPFL', '1', 'L', 'Belum Memilih', 1),
(12, '2213153', '2213153', '2213153', 'HABIB RIZQULLAH', 'X TPFL', '1', 'L', 'Belum Memilih', 1),
(13, '2213154', '2213154', '2213154', 'IRFAN EDI SAPUTRA', 'X TPFL', '1', 'L', 'Belum Memilih', 1),
(14, '2213155', '2213155', '2213155', 'KRISNA DWI SETYO', 'X TPFL', '1', 'L', 'Sudah Memilih', 1),
(15, '2213156', '2213156', '2213156', 'M. ADIB PRATAMA', 'X TPFL', '1', 'L', 'Belum Memilih', 1),
(16, '2213157', '2213157', '2213157', 'MUCHAMAD SATRIA FIRMANSYAH', 'X TPFL', '1', 'L', 'Belum Memilih', 1),
(17, '2213158', '2213158', '2213158', 'MUCHAMMAD AINOR ROFIQ', 'X TPFL', '1', 'L', 'Belum Memilih', 1),
(18, '2213159', '2213159', '2213159', 'MUHAMAD ILHAM', 'X TPFL', '1', 'L', 'Belum Memilih', 1),
(19, '2213160', '2213160', '2213160', 'MUHAMMAD ABI SAPUTRA', 'X TPFL', '1', 'L', 'Sudah Memilih', 1),
(20, '2213161', '2213161', '2213161', 'MUHAMMAD ADIB ZAMRONI', 'X TPFL', '1', 'L', 'Belum Memilih', 1),
(21, '2213162', '2213162', '2213162', 'MUHAMMAD DANDA ARDIANSAH', 'X TPFL', '1', 'L', 'Belum Memilih', 1),
(22, '2213163', '2213163', '2213163', 'MUHAMMAD HASANNUDIN', 'X TPFL', '1', 'L', 'Sudah Memilih', 1),
(23, '2213164', '2213164', '2213164', 'MUHAMMAD IRSYAD SYARIFUDIN', 'X TPFL', '1', 'L', 'Sudah Memilih', 1),
(24, '2213165', '2213165', '2213165', 'MUHAMMAD LUTFI KHAKIM', 'X TPFL', '1', 'L', 'Belum Memilih', 1),
(25, '2213166', '2213166', '2213166', 'MUHAMMAD LUTFI MUTTAQIN', 'X TPFL', '1', 'L', 'Belum Memilih', 1),
(26, '2213168', '2213168', '2213168', 'MUSYA ARI RASYID', 'X TPFL', '1', 'L', 'Sudah Memilih', 1),
(27, '2213169', '2213169', '2213169', 'RAKA NOVAYAN MUJI CAHYA ADI', 'X TPFL', '1', 'L', 'Sudah Memilih', 1),
(28, '2213170', '2213170', '2213170', 'RIFKI KURNIAWAN', 'X TPFL', '1', 'L', 'Belum Memilih', 1),
(29, '2213171', '2213171', '2213171', 'RIZKI KURNIAWAN', 'X TPFL', '1', 'L', 'Belum Memilih', 1),
(30, '2213172', '2213172', '2213172', 'SIGIT RAMADHAN', 'X TPFL', '1', 'L', 'Sudah Memilih', 1),
(31, '2213173', '2213173', '2213173', 'TEDI CIPTANING TIAS', 'X TPFL', '1', 'L', 'Sudah Memilih', 1),
(32, '2213174', '2213174', '2213174', 'TRITOMO CAHYO WIBISONO', 'X TPFL', '1', 'L', 'Sudah Memilih', 1),
(33, '2213175', '2213175', '2213175', 'WAHYU AGUNG BUDIMAN', 'X TPFL', '1', 'L', 'Sudah Memilih', 1),
(34, '2223176', '2223176', '2223176', 'ADE KURNIA ANDZIKA', 'X TO 1', '1', 'L', 'Sudah Memilih', 1),
(35, '2223177', '2223177', '2223177', 'AHMAD FADHIL', 'X TO 1', '1', 'L', 'Sudah Memilih', 1),
(36, '2223178', '2223178', '2223178', 'AHMAD KHOIRUL ANWAR', 'X TO 1', '3', 'L', 'Belum Memilih', 1),
(37, '2223179', '2223179', '2223179', 'AHMAD NUR AJI CAHYONO', 'X TO 1', '3', 'L', 'Sudah Memilih', 1),
(39, '2223180', '2223180', '2223180', 'Ahmad Syaihudin', 'X  TO 1', '3', 'L', 'Sudah Memilih', 1),
(40, '2223182', '2223182', '2223182', 'ALEX BAYU TIRTA', 'X TO 1', '3', 'L', 'Sudah Memilih', 1),
(41, '2223183', '2223183', '2223183', 'AMAR ARSYAD', 'X TO 1', '3', 'L', 'Sudah Memilih', 1),
(42, '2223184', '2223184', '2223184', 'ANDIKA JULIAN FERREIRA', 'X TO 1', '3', 'L', 'Sudah Memilih', 1),
(43, '2223185', '2223185', '2223185', 'Angga Syahril Ramadhani', 'X TO 1', '3', 'L', 'Sudah Memilih', 1),
(44, '2223186', '2223186', '2223186', 'ARDI WIBOWO', 'X TO 1', '3', 'L', 'Sudah Memilih', 1),
(45, '2223187', '2223187', '2223187', 'ARTIKA LAILA FEBRIYANI', 'X TO 1', '3', 'P', 'Sudah Memilih', 1),
(46, '2223189', '2223189', '2223189', 'DAVID MORENO', 'X TO 1', '3', 'L', 'Sudah Memilih', 1),
(47, '2223190', '2223190', '2223190', 'Eka Saputra', 'X TO 1', '3', 'L', 'Belum Memilih', 1),
(48, '2223191', '2223191', '2223191', 'FAHRI GILANG MAULANA', 'X TO 1', '3', 'L', 'Sudah Memilih', 1),
(49, '2223192', '2223192', '2223192', 'FERDI ARDIANSYAH', 'X TO 1', '3', 'L', 'Sudah Memilih', 1),
(50, '2223193', '2223193', '2223193', 'GHOZA RAMADHANI PATUYATNA', 'X TO 1', '3', 'L', 'Belum Memilih', 1),
(51, '2223194', '2223194', '2223194', 'IRGI AKHSAN PRATAMA', 'X TO 1', '3', 'L', 'Sudah Memilih', 1),
(52, '2223195', '2223195', '2223195', 'Khasan Zuhri', 'X TO 1', '3', 'L', 'Sudah Memilih', 1),
(53, '2223196', '2223196', '2223196', 'Muhamad Charlo Adityatama', 'X TO 1', '3', 'L', 'Sudah Memilih', 1),
(54, '2223197', '2223197', '2223197', 'Muhamad Khoirul Anam', 'X TO 1', '3', 'L', 'Sudah Memilih', 1),
(55, '2223198', '2223198', '2223198', 'MUHAMMAD DENI PRASETYO', 'X TO 1', '3', 'L', 'Sudah Memilih', 1),
(56, '2223199', '2223199', '2223199', 'MUHAMMAD IMAM SYARIFUDDIN', 'X TO 1', '3', 'L', 'Belum Memilih', 1),
(57, '2223200', '2223200', '2223200', 'MUHAMMAD KHALIM SOFIYULLOH', 'X TO 1', '3', 'L', 'Sudah Memilih', 1),
(58, '2223201', '2223201', '2223201', 'Muhammad Rifqi Adi Pramana', 'X TO 1', '3', 'L', 'Sudah Memilih', 1),
(59, '2223202', '2223202', '2223202', 'MUHAMMAD TAUFIQY SETIAWAN', 'X TO 1', '3', 'L', 'Sudah Memilih', 1),
(60, '2223203', '2223203', '2223203', 'NIKKO NUR HANDOKO', 'X TO 1', '3', 'L', 'Sudah Memilih', 1),
(61, '2223204', '2223204', '2223204', 'NUR RAHMAN SYARIFUDIN', 'X TO 1', '3', 'L', 'Belum Memilih', 1),
(62, '2223205', '2223205', '2223205', 'RESTU ILHAM SAPUTRA', 'X TO 1', '3', 'L', 'Sudah Memilih', 1),
(63, '2223206', '2223206', '2223206', 'RIZKI RAMADHANI KURNIAWAN', 'X TO 1', '3', 'L', 'Sudah Memilih', 1),
(64, '2223207', '2223207', '2223207', 'SULTAN RAFI TAUFIKURRIZAL', 'X TO 1', '3', 'L', 'Sudah Memilih', 1),
(65, '2223208', '2223208', '2223208', 'WAHYU SETYONING AJI', 'X TO 1', '3', 'L', 'Sudah Memilih', 1),
(66, '2223209', '2223209', '2223209', 'ADITYA WIBOWO', 'X TO 2', '4', 'L', 'Sudah Memilih', 1),
(67, '2223210', '2223210', '2223210', 'AHMAD ALDI ARSYAD', 'X TO 2', '4', 'L', 'Sudah Memilih', 1),
(68, '2223211', '2223211', '2223211', 'AHMAD FAUZAN RIFAI', 'X TO 2', '4', 'L', 'Sudah Memilih', 1),
(69, '2223212', '2223212', '2223212', 'AHMAD MAULANA ZAKY', 'X TO 2', '4', 'L', 'Belum Memilih', 1),
(70, '2223213', '2223213', '2223213', 'AHMAD SAIFUDIN', 'X TO 2', '4', 'L', 'Sudah Memilih', 1),
(71, '2223214', '2223214', '2223214', 'ALDI LUKMAN', 'X TO 2', '4', 'L', 'Belum Memilih', 1),
(72, '2223215', '2223215', '2223215', 'ALFIN SAHRUL IBAD', 'X TO 2', '4', 'L', 'Sudah Memilih', 1),
(73, '2223216', '2223216', '2223216', 'ANANDA SURYA DEPHA SAPUTRA', 'X TO 2', '4', 'L', 'Sudah Memilih', 1),
(74, '2223217', '2223217', '2223217', 'ANDRA RASHAD', 'X TO 2', '4', 'L', 'Sudah Memilih', 1),
(75, '2223218', '2223218', '2223218', 'ANGGA TRIA NUGRAHA', 'X TO 2', '4', 'L', 'Belum Memilih', 1),
(76, '2223219', '2223219', '2223219', 'ARIYANTO RAMADHAN', 'X TO 2', '4', 'L', 'Sudah Memilih', 1),
(77, '2223220', '2223220', '2223220', 'CARVALHO FIZA NAILUNNAJA', 'X TO 2', '4', 'L', 'Sudah Memilih', 1),
(78, '2223221', '2223221', '2223221', 'DICKY SETIAWAN', 'X TO 2', '4', 'L', 'Sudah Memilih', 1),
(79, '2223222', '2223222', '2223222', 'DWI BAGUS WICAKSONO', 'X TO 2', '4', 'L', 'Sudah Memilih', 1),
(80, '2223223', '2223223', '2223223', 'FAESAL RAKA MAULANA', 'X TO 2', '4', 'L', 'Belum Memilih', 1),
(81, '2223224', '2223224', '2223224', 'FATKHUR RIJAL', 'X TO 2', '4', 'L', 'Belum Memilih', 1),
(82, '2223225', '2223225', '2223225', 'FUZA ZACKY MAULANA', 'X TO 2', '4', 'L', 'Sudah Memilih', 1),
(83, '2223226', '2223226', '2223226', 'HELZA AL FIKRI NUGIANSYAH', 'X TO 2', '4', 'L', 'Sudah Memilih', 1),
(84, '2223227', '2223227', '2223227', 'KHABIBULLAH NUR ZAMAN', 'X TO 2', '4', 'L', 'Sudah Memilih', 1),
(85, '2223228', '2223228', '2223228', 'MUCHAMMAD DAVA ARDIANSYAH', 'X TO 2', '4', 'L', 'Belum Memilih', 1),
(86, '2223229', '2223229', '2223229', 'MUHAMAD DAFFA ASIF HILMAN AUFA', 'X TO 2', '4', 'L', 'Sudah Memilih', 1),
(87, '2223230', '2223230', '2223230', 'MUHAMMAD BAGUS SAPUTRO', 'X TO 2', '4', 'L', 'Sudah Memilih', 1),
(88, '2223231', '2223231', '2223231', 'MUHAMMAD HAFIZ SOFIAN', 'X TO 2', '4', 'L', 'Sudah Memilih', 1),
(89, '2223232', '2223232', '2223232', 'MUHAMMAD INDRA KURNIAWAN', 'X TO 2', '4', 'L', 'Sudah Memilih', 1),
(90, '2223233', '2223233', '2223233', 'MUHAMMAD NUR DAKIYA RANGGA SAPUTRA', 'X TO 2', '4', 'L', 'Sudah Memilih', 1),
(91, '2223234', '2223234', '2223234', 'MUHAMMAD ROFIQUL MA ARIF', 'X TO 2', '4', 'L', 'Sudah Memilih', 1),
(92, '2223235', '2223235', '2223235', 'NOVA DWI SAPUTRA', 'X TO 2', '4', 'L', 'Belum Memilih', 1),
(93, '2223236', '2223236', '2223236', 'PANJI SETYA PRAMANA', 'X TO 2', '4', 'L', 'Sudah Memilih', 1),
(94, '2223237', '2223237', '2223237', 'RIFQI NOVAL FAIZ WAHSUN', 'X TO 2', '4', 'L', 'Belum Memilih', 1),
(95, '2223238', '2223238', '2223238', 'RIZQI ARDIANSYAH', 'X TO 2', '4', 'L', 'Sudah Memilih', 1),
(96, '2223239', '2223239', '2223239', 'SUBOWO ADI HUSNI', 'X TO 2', '4', 'L', 'Sudah Memilih', 1),
(97, '2223240', '2223240', '2223240', 'VYRZA RIEZQIA RAKA', 'X TO 2', '4', 'L', 'Sudah Memilih', 1),
(98, '2223241', '2223241', '2223241', 'ZARIUN RUHBANI', 'X TO 2', '4', 'L', 'Sudah Memilih', 1),
(99, '2233242', '2233242', '2233242', 'ADELIA EKA RAHMAWATI', 'X PPLG 1', '5', 'P', 'Sudah Memilih', 1),
(100, '2233243', '2233243', '2233243', 'ADIB MUZAKKI', 'X PPLG 1', '5', 'L', 'Sudah Memilih', 1),
(101, '2233244', '2233244', '2233244', 'ALFIAN DAVI AGHNA', 'X PPLG 1', '5', 'L', 'Sudah Memilih', 1),
(102, '2233245', '2233245', '2233245', 'ANAS KUSWOROJATI', 'X PPLG 1', '5', 'L', 'Belum Memilih', 1),
(103, '2233246', '2233246', '2233246', 'APRIZA TRI MAULIDINA', 'X PPLG 1', '5', 'P', 'Sudah Memilih', 1),
(104, '2233247', '2233247', '2233247', 'CHELSEA NADINIA SOIM PUTERI', 'X PPLG 1', '5', 'P', 'Sudah Memilih', 1),
(105, '2233248', '2233248', '2233248', 'DAFFA  RAIHAN NABAWI', 'X PPLG 1', '5', 'L', 'Sudah Memilih', 1),
(106, '2233249', '2233249', '2233249', 'DELLA ANGGRAENI', 'X PPLG 1', '5', 'P', 'Sudah Memilih', 1),
(107, '2233250', '2233250', '2233250', 'DIAN FEBRIA NARTI', 'X PPLG 1', '5', 'P', 'Sudah Memilih', 1),
(108, '2233251', '2233251', '2233251', 'DINDA NOVITA PUTRI', 'X PPLG 1', '5', 'P', 'Sudah Memilih', 1),
(109, '2233252', '2233252', '2233252', 'DYAH FATMA FEBRIANI', 'X PPLG 1', '5', 'P', 'Sudah Memilih', 1),
(110, '2233253', '2233253', '2233253', 'EVI MAILASARI', 'X PPLG 1', '5', 'P', 'Sudah Memilih', 1),
(111, '2233254', '2233254', '2233254', 'FARICHA NAILA ROCHMANIA', 'X PPLG 1', '5', 'P', 'Sudah Memilih', 1),
(112, '2233255', '2233255', '2233255', 'FEBI ARYADI', 'X PPLG 1', '5', 'L', 'Belum Memilih', 1),
(113, '2233256', '2233256', '2233256', 'HADIR SASTRA IMAM PRATAMA', 'X PPLG 1', '5', 'L', 'Sudah Memilih', 1),
(114, '2233257', '2233257', '2233257', 'ICHA NUR ANANDITA', 'X PPLG 1', '5', 'P', 'Sudah Memilih', 1),
(115, '2233258', '2233258', '2233258', 'ISNAINI MARIA ZULFA', 'X PPLG 1', '5', 'P', 'Sudah Memilih', 1),
(116, '2233259', '2233259', '2233259', 'MONIKA HASTARI', 'X PPLG 1', '5', 'P', 'Sudah Memilih', 1),
(117, '2233260', '2233260', '2233260', 'MUHAMAD BOGI ABIPUTRO', 'X PPLG 1', '5', 'L', 'Sudah Memilih', 1),
(118, '2233261', '2233261', '2233261', 'MUHAMAD ULIL SULTAN', 'X PPLG 1', '5', 'L', 'Belum Memilih', 1),
(119, '2233262', '2233262', '2233262', 'MUHAMMAD AFIQ ARDIANTA', 'X PPLG 1', '5', 'L', 'Sudah Memilih', 1),
(120, '2233263', '2233263', '2233263', 'MUHAMMAD IMAM SARRISKI', 'X PPLG 1', '5', 'L', 'Sudah Memilih', 1),
(121, '2233264', '2233264', '2233264', 'MUHAMMAD NUR ALAMSYAH', 'X PPLG 1', '5', 'L', 'Sudah Memilih', 1),
(122, '2233266', '2233266', '2233266', 'MUKHAMAD SAEFULLOH ARRAHMAN', 'X PPLG 1', '5', 'L', 'Sudah Memilih', 1),
(123, '2233267', '2233267', '2233267', 'NAJWA ATRIA LEFA', 'X PPLG 1', '5', 'P', 'Sudah Memilih', 1),
(124, '2233268', '2233268', '2233268', 'NOVITA SARI', 'X PPLG 1', '5', 'P', 'Sudah Memilih', 1),
(125, '2233269', '2233269', '2233269', 'RAHMA ROKHIMATUZ ZAHRA', 'X PPLG 1', '5', 'P', 'Sudah Memilih', 1),
(126, '2233270', '2233270', '2233270', 'RENDRA ARKANANTA', 'X PPLG 1', '5', 'L', 'Sudah Memilih', 1),
(127, '2233271', '2233271', '2233271', 'REZA WIJAYANTI', 'X PPLG 1', '5', 'P', 'Sudah Memilih', 1),
(128, '2233272', '2233272', '2233272', 'SADDAM HANIF QODRIY', 'X PPLG 1', '5', 'L', 'Sudah Memilih', 1),
(129, '2233273', '2233273', '2233273', 'SAFIRA LAILI ANDRIANASALINDEHO', 'X PPLG 1', '5', 'P', 'Sudah Memilih', 1),
(130, '2233274', '2233274', '2233274', 'TISKA AURILIA PRAMITA PUTRI', 'X PPLG 1', '5', 'P', 'Sudah Memilih', 1),
(131, '2233275', '2233275', '2233275', 'ZALFA AULIA YUSUF', 'X PPLG 1', '5', 'P', 'Sudah Memilih', 1),
(132, '2233276', '2233276', '2233276', 'AHMAD YUNUS FURQON', 'X PPLG 2', '6', 'L', 'Sudah Memilih', 1),
(133, '2233277', '2233277', '2233277', 'ALVIYAN HENDRA SAPUTRA', 'X PPLG 2', '6', 'L', 'Sudah Memilih', 1),
(134, '2233278', '2233278', '2233278', 'ANISA DWI RAHMAWATI', 'X PPLG 2', '6', 'P', 'Sudah Memilih', 1),
(135, '2233279', '2233279', '2233279', 'ASKYA VALENCIA', 'X PPLG 2', '6', 'P', 'Sudah Memilih', 1),
(136, '2233280', '2233280', '2233280', 'AULA NAFISAH', 'X PPLG 2', '6', 'P', 'Sudah Memilih', 1),
(137, '2233281', '2233281', '2233281', 'CINTA RAMADHANI', 'X PPLG 2', '6', 'P', 'Sudah Memilih', 1),
(138, '2233282', '2233282', '2233282', 'DEVI FATMAWATI', 'X PPLG 2', '6', 'P', 'Sudah Memilih', 1),
(139, '2233283', '2233283', '2233283', 'DIAN PRATIWI', 'X PPLG 2', '6', 'P', 'Sudah Memilih', 1),
(140, '2233284', '2233284', '2233284', 'DWI APRILIA', 'X PPLG 2', '6', 'P', 'Sudah Memilih', 1),
(141, '2233285', '2233285', '2233285', 'ERICCA CLAUDIA MEYANTI', 'X PPLG 2', '6', 'P', 'Belum Memilih', 1),
(142, '2233286', '2233286', '2233286', 'FANISA ROSDIYANTI', 'X PPLG 2', '6', 'P', 'Sudah Memilih', 1),
(143, '2233287', '2233287', '2233287', 'FARID ABDUR RAFI', 'X PPLG 2', '6', 'L', 'Sudah Memilih', 1),
(144, '2233288', '2233288', '2233288', 'FATMA FATIMATUZ ZAHRA', 'X PPLG 2', '6', 'P', 'Sudah Memilih', 1),
(145, '2233289', '2233289', '2233289', 'FEBRI ARDIANSYAH', 'X PPLG 2', '6', 'L', 'Sudah Memilih', 1),
(146, '2233290', '2233290', '2233290', 'ICHA HADIANI PUTRI', 'X PPLG 2', '6', 'P', 'Sudah Memilih', 1),
(147, '2233291', '2233291', '2233291', 'INA SHANTIKA IZZA', 'X PPLG 2', '6', 'P', 'Sudah Memilih', 1),
(148, '2233292', '2233292', '2233292', 'IRKHAM AMRIL KHANIF', 'X PPLG 2', '6', 'L', 'Sudah Memilih', 1),
(149, '2233293', '2233293', '2233293', 'ISTIANA ZULFA', 'X PPLG 2', '6', 'P', 'Sudah Memilih', 1),
(150, '2233294', '2233294', '2233294', 'MUHAMAD DAFIQ NOER ARIFIANTO', 'X PPLG 2', '6', 'L', 'Sudah Memilih', 1),
(151, '2233295', '2233295', '2233295', 'MUHAMMAD ADI SAPUTRA', 'X PPLG 2', '6', 'L', 'Sudah Memilih', 1),
(152, '2233296', '2233296', '2233296', 'MUHAMMAD HABIB MAULANA', 'X PPLG 2', '6', 'L', 'Sudah Memilih', 1),
(153, '2233297', '2233297', '2233297', 'MUHAMMAD KHOIRUL ANWAR', 'X PPLG 2', '6', 'L', 'Sudah Memilih', 1),
(154, '2233298', '2233298', '2233298', 'MUHAMMAD SABHANAN NAJA', 'X PPLG 2', '6', 'L', 'Sudah Memilih', 1),
(155, '2233299', '2233299', '2233299', 'MUHAMMAD SURYA ARDLI', 'X PPLG 2', '6', 'L', 'Belum Memilih', 1),
(156, '2233300', '2233300', '2233300', 'NABILA AZZAHRA', 'X PPLG 2', '6', 'P', 'Sudah Memilih', 1),
(157, '2233301', '2233301', '2233301', 'NANDRIAN CAHYA YULIANTO', 'X PPLG 2', '6', 'L', 'Sudah Memilih', 1),
(158, '2233302', '2233302', '2233302', 'NAYLA RIZKIA HASNA', 'X PPLG 2', '6', 'P', 'Sudah Memilih', 1),
(159, '2233303', '2233303', '2233303', 'RAHMA AULIA RAMADANI', 'X PPLG 2', '6', 'P', 'Sudah Memilih', 1),
(160, '2233304', '2233304', '2233304', 'RATIH DWI MAHESWARI', 'X PPLG 2', '6', 'L', 'Sudah Memilih', 1),
(161, '2233305', '2233305', '2233305', 'RIDHO FIRMANSYAH', 'X PPLG 2', '6', 'L', 'Sudah Memilih', 1),
(162, '2233306', '2233306', '2233306', 'RISKA AMALIA MUSTAQFIROH', 'X PPLG 2', '6', 'P', 'Sudah Memilih', 1),
(165, '2233309', '2233309', '2233309', 'WILDAN SAPUTRO RAHMATULLAH', 'X PPLG 2', '6', 'L', 'Sudah Memilih', 1),
(168, '2233307', '2233307', '2233307', 'SALSABILA HABIBAH', 'X PPLG 2', '6', 'P', 'Sudah Memilih', 1),
(169, '2233308', '2233308', '2233308', 'USWATUN NISA', 'X PPLG 2', '6', 'P', 'Sudah Memilih', 1),
(171, '2243310', '2243310', '2243310', 'ABIMANYU DWI TARMUJI', 'X KULINER 1', '7', 'L', 'Sudah Memilih', 1),
(172, '2243311', '2243311', '2243311', 'Afinannisa Rosyada', 'X KULINER 1', '7', 'P', 'Belum Memilih', 1),
(173, '2243312', '2243312', '2243312', 'AFRIZNA ROSSA AKADELA', 'X KULINER 1', '7', 'P', 'Sudah Memilih', 1),
(174, '2243313', '2243313', '2243313', 'Ahmad Fiqi Bahrunnaja', 'X KULINER 1', '7', 'L', 'Sudah Memilih', 1),
(175, '2243314', '2243314', '2243314', 'ALLIF NUR KHASAN', 'X KULINER 1', '7', 'L', 'Sudah Memilih', 1),
(176, '2243315', '2243315', '2243315', 'Anisatus Sofi', 'X KULINER 1', '7', 'P', 'Belum Memilih', 1),
(177, '2243316', '2243316', '2243316', 'Arif Putra Wibisono', 'X KULINER 1', '7', 'L', 'Sudah Memilih', 1),
(178, '2243317', '2243317', '2243317', 'AULIA SINTIA PUTRI', 'X KULINER 1', '7', 'P', 'Sudah Memilih', 1),
(179, '2243318', '2243318', '2243318', 'BAMBANG SETIAWAN', 'X KULINER 1', '7', 'L', 'Sudah Memilih', 1),
(180, '2243319', '2243319', '2243319', 'CINDI SETYA DEWI', 'X KULINER 1', '7', 'P', 'Sudah Memilih', 1),
(181, '2243320', '2243320', '2243320', 'DEVI ULIYANTI', 'X KULINER 1', '7', 'P', 'Sudah Memilih', 1),
(182, '2243321', '2243321', '2243321', 'DHANIL RIZQI ARYANTO', 'X KULINER 1', '7', 'L', 'Sudah Memilih', 1),
(183, '2243322', '2243322', '2243322', 'FAHMI ABDUL ADZIM', 'X KULINER 1', '7', 'L', 'Sudah Memilih', 1),
(184, '2243323', '2243323', '2243323', 'Faradina Desinta Ardiani', 'X KULINER 1', '7', 'P', 'Sudah Memilih', 1),
(185, '2243324', '2243324', '2243324', 'FARDAN AULIA PRATAMA', 'X KULINER 1', '7', 'L', 'Sudah Memilih', 1),
(186, '2243325', '2243325', '2243325', 'IQBAR FADLI RAMADHAN', 'X KULINER 1', '7', 'L', 'Sudah Memilih', 1),
(187, '2243326', '2243326', '2243326', 'LAILATUL SAFITRI', 'X KULINER 1', '7', 'P', 'Sudah Memilih', 1),
(188, '2243327', '2243327', '2243327', 'Luk Luk Ul Hidayah', 'X KULINER 1', '7', 'P', 'Sudah Memilih', 1),
(189, '2243328', '2243328', '2243328', 'MASKURI', 'X KULINER 1', '7', 'L', 'Sudah Memilih', 1),
(190, '2243329', '2243329', '2243329', 'MAYDA NURAHMAH', 'X KULINER 1', '7', 'P', 'Sudah Memilih', 1),
(191, '2243330', '2243330', '2243330', 'MINHATUS TSANIYYAH', 'X KULINER 1', '7', 'P', 'Sudah Memilih', 1),
(192, '2243331', '2243331', '2243331', 'Muhammad Alif Dwi Putranto', 'X KULINER 1', '7', 'L', 'Sudah Memilih', 1),
(193, '2243332', '2243332', '2243332', 'MUHAMMAD NABIL ZAKKIYAL AKHTAR', 'X KULINER 1', '7', 'L', 'Sudah Memilih', 1),
(194, '2243333', '2243333', '2243333', 'NADIA MEITHA AULIA', 'X KULINER 1', '7', 'P', 'Belum Memilih', 1),
(195, '2243335', '2243335', '2243335', 'Nur Azizah', 'X KULINER 1', '7', 'P', 'Sudah Memilih', 1),
(196, '2243336', '2243336', '2243336', 'Rani Safira', 'X KULINER 1', '7', 'P', 'Sudah Memilih', 1),
(197, '2243337', '2243337', '2243337', 'RIKO ILHAM SAPUTRA', 'X KULINER 1', '7', 'L', 'Sudah Memilih', 1),
(198, '2243338', '2243338', '2243338', 'Risma Ayu Safitri', 'X KULINER 1', '7', 'P', 'Sudah Memilih', 1),
(199, '2243339', '2243339', '2243339', 'Saif Riyan Handika', 'X KULINER 1', '7', 'L', 'Belum Memilih', 1),
(200, '2243340', '2243340', '2243340', 'SITI KOM MARIYAH', 'X KULINER 1', '7', 'P', 'Sudah Memilih', 1),
(201, '2243341', '2243341', '2243341', 'SULTAN WISNU AL MAJID', 'X KULINER 1', '7', 'L', 'Sudah Memilih', 1),
(202, '2243342', '2243342', '2243342', 'SURMIATI NINGSIH', 'X KULINER 1', '7', 'P', 'Sudah Memilih', 1),
(203, '2243343', '2243343', '2243343', 'ZAHROTUS SYIFA', 'X KULINER 1', '7', 'P', 'Sudah Memilih', 1),
(204, '2243344', '2243344', '2243344', 'Achmad Ryan Aditya', 'X KULINER 2', '8', 'L', 'Belum Memilih', 1),
(205, '2243345', '2243345', '2243345', 'Afni Khoirunnisa', 'X KULINER 2', '8', 'P', 'Sudah Memilih', 1),
(206, '2243346', '2243346', '2243346', 'Ahmad Misbakhul Alam', 'X KULINER 2', '8', 'L', 'Sudah Memilih', 1),
(207, '2243347', '2243347', '2243347', 'ANANDA DINI SEPTIYANI', 'X KULINER 2', '8', 'P', 'Sudah Memilih', 1),
(208, '2243348', '2243348', '2243348', 'ARSYA NABIL MAULANA', 'X KULINER 2', '8', 'L', 'Sudah Memilih', 1),
(209, '2243349', '2243349', '2243349', 'AULIA RAHMAWATI', 'X KULINER 2', '8', 'P', 'Sudah Memilih', 1),
(210, '2243350', '2243350', '2243350', 'Chelsea Salsabila', 'X KULINER 2', '8', 'P', 'Sudah Memilih', 1),
(211, '2243351', '2243351', '2243351', 'DAFFA GALENDRA', 'X KULINER 2', '8', 'L', 'Sudah Memilih', 1),
(212, '2243352', '2243352', '2243352', 'DESSY AMANDA ETIKASARI', 'X KULINER 2', '8', 'P', 'Sudah Memilih', 1),
(213, '2243353', '2243353', '2243353', 'DIMAS SETIAJI', 'X KULINER 2', '8', 'L', 'Sudah Memilih', 1),
(214, '2243354', '2243354', '2243354', 'ERMA AYU SEKAR NINGRUM', 'X KULINER 2', '8', 'P', 'Sudah Memilih', 1),
(215, '2243355', '2243355', '2243355', 'FAESAL TRI WICAKSONO', 'X KULINER 2', '8', 'L', 'Belum Memilih', 1),
(216, '2243356', '2243356', '2243356', 'FAISAL IKSANTO', 'X KULINER 2', '8', 'L', 'Belum Memilih', 1),
(217, '2243357', '2243357', '2243357', 'HUSAIN BINTANG RAMADHAN', 'X KULINER 2', '8', 'L', 'Belum Memilih', 1),
(218, '2243358', '2243358', '2243358', 'INDANA ZULFA RAHMADINA', 'X KULINER 2', '8', 'P', 'Sudah Memilih', 1),
(219, '2243359', '2243359', '2243359', 'Laura Cinta Octaviawati', 'X KULINER 2', '8', 'P', 'Sudah Memilih', 1),
(220, '2243360', '2243360', '2243360', 'M RIZAL ARDIANSYAH', 'X KULINER 2', '8', 'L', 'Belum Memilih', 1),
(221, '2243361', '2243361', '2243361', 'MARSELLY MAULINDA', 'X KULINER 2', '8', 'P', 'Belum Memilih', 1),
(222, '2243362', '2243362', '2243362', 'Maulana Islamy Zharif Setiawan', 'X KULINER 2', '8', 'L', 'Sudah Memilih', 1),
(223, '2243363', '2243363', '2243363', 'MILA KHASANATI', 'X KULINER 2', '8', 'P', 'Sudah Memilih', 1),
(224, '2243364', '2243364', '2243364', 'Muhammad Ainur Rofik', 'X KULINER 2', '8', 'L', 'Sudah Memilih', 1),
(225, '2243365', '2243365', '2243365', 'MUHAMMAD DAFFA ABDUL MAJID', 'X KULINER 2', '8', 'L', 'Sudah Memilih', 1),
(226, '2243366', '2243366', '2243366', 'Muhammad Rafi Satya Ardana', 'X KULINER 2', '8', 'L', 'Belum Memilih', 1),
(227, '2243367', '2243367', '2243367', 'NABILA SELFI RAHMAWATI', 'X KULINER 2', '8', 'P', 'Sudah Memilih', 1),
(228, '2243368', '2243368', '2243368', 'Najwa Nur Habibah', 'X KULINER 2', '8', 'P', 'Sudah Memilih', 1),
(229, '2243369', '2243369', '2243369', 'NATIY JATUL UMROH', 'X KULINER 2', '8', 'P', 'Belum Memilih', 1),
(230, '2243370', '2243370', '2243370', 'Nofen Affellin', 'X KULINER 2', '8', 'P', 'Belum Memilih', 1),
(231, '2243371', '2243371', '2243371', 'RIZKA AULIA', 'X KULINER 2', '8', 'P', 'Sudah Memilih', 1),
(232, '2243372', '2243372', '2243372', 'SADAM BINTANG RAMADHAN', 'X KULINER 2', '8', 'L', 'Belum Memilih', 1),
(233, '2243373', '2243373', '2243373', 'SAYIT RAFY AHMAD', 'X KULINER 2', '8', 'L', 'Sudah Memilih', 1),
(234, '2243374', '2243374', '2243374', 'Sri Devi Rahmawati', 'X KULINER 2', '8', 'P', 'Sudah Memilih', 1),
(235, '2243375', '2243375', '2243375', 'TUTIK HUMA', 'X KULINER 2', '8', 'P', 'Sudah Memilih', 1),
(236, '2243376', '2243376', '2243376', 'Wisnu Putra Pamungkas', 'X KULINER 2', '8', 'L', 'Belum Memilih', 1),
(237, '2243377', '2243377', '2243377', 'ZAKY MUHAMMAD HAYDAR MUSTHOFA', 'X KULINER 2', '8', 'L', 'Belum Memilih', 1),
(238, '2253378', '2253378', '2253378', 'ADI FEBRIAN', 'X BUSANA 1', '9', 'L', 'Belum Memilih', 1),
(239, '2253379', '2253379', '2253379', 'Anggun Fifi Hafifah', 'X BUSANA 1', '9', 'P', 'Sudah Memilih', 1),
(240, '2253380', '2253380', '2253380', 'Aulia Linda Noviani', 'X BUSANA 1', '9', 'P', 'Belum Memilih', 1),
(241, '2253381', '2253381', '2253381', 'CHATRINE AULIA FITRIYANI', 'X BUSANA 1', '9', 'P', 'Sudah Memilih', 1),
(242, '2253382', '2253382', '2253382', 'Davina Amelia Putri', 'X BUSANA 1', '9', 'P', 'Sudah Memilih', 1),
(243, '2253383', '2253383', '2253383', 'DIVA PUTRI NABILLA', 'X BUSANA 1', '9', 'P', 'Sudah Memilih', 1),
(244, '2253384', '2253384', '2253384', 'FAIDATUL ULYA', 'X BUSANA 1', '9', 'P', 'Belum Memilih', 1),
(245, '2253385', '2253385', '2253385', 'FITRI MIRA AYU WILASTUTI', 'X BUSANA 1', '9', 'P', 'Sudah Memilih', 1),
(246, '2253386', '2253386', '2253386', 'HIDAYAH DEWI SINTIA', 'X BUSANA 1', '9', 'P', 'Sudah Memilih', 1),
(247, '2253387', '2253387', '2253387', 'IRNAINI AGNA RUSDIYANTI', 'X BUSANA 1', '9', 'P', 'Sudah Memilih', 1),
(248, '2253388', '2253388', '2253388', 'JAMALUDIN ROHMAD', 'X BUSANA 1', '9', 'L', 'Sudah Memilih', 1),
(249, '2253389', '2253389', '2253389', 'LAILATUL BADRIYAH', 'X BUSANA 1', '9', 'P', 'Sudah Memilih', 1),
(250, '2253390', '2253390', '2253390', 'Mario Saputra', 'X BUSANA 1', '9', 'L', 'Sudah Memilih', 1),
(251, '2253391', '2253391', '2253391', 'MARISKA AULIA', 'X BUSANA 1', '9', 'P', 'Sudah Memilih', 1),
(252, '2253392', '2253392', '2253392', 'MEGA SAHARANI EFENDI PUTRI', 'X BUSANA 1', '9', 'P', 'Sudah Memilih', 1),
(253, '2253393', '2253393', '2253393', 'MUCHAMMAD AHMID MIDHAR', 'X BUSANA 1', '9', 'L', 'Sudah Memilih', 1),
(254, '2253394', '2253394', '2253394', 'Muhammad Kin Kurniawan', 'X BUSANA 1', '9', 'L', 'Sudah Memilih', 1),
(255, '2253395', '2253395', '2253395', 'Narendra Wasesa Hendrawan Aditama', 'X BUSANA 1', '9', 'L', 'Belum Memilih', 1),
(256, '2253396', '2253396', '2253396', 'Nazidatul Karima', 'X BUSANA 1', '9', 'P', 'Sudah Memilih', 1),
(257, '2253397', '2253397', '2253397', 'NOVA ALAYDA', 'X BUSANA 1', '9', 'P', 'Sudah Memilih', 1),
(258, '2253398', '2253398', '2253398', 'NUR IMAMAH', 'X BUSANA 1', '9', 'P', 'Sudah Memilih', 1),
(259, '2253399', '2253399', '2253399', 'RAHMA JUNIANTY', 'X BUSANA 1', '9', 'P', 'Sudah Memilih', 1),
(260, '2253400', '2253400', '2253400', 'RIZQI YAFATNATUR ROHMAH', 'X BUSANA 1', '9', 'P', 'Sudah Memilih', 1),
(261, '2253401', '2253401', '2253401', 'SARA LUTFIA', 'X BUSANA 1', '9', 'P', 'Sudah Memilih', 1),
(262, '2253402', '2253402', '2253402', 'SHINTA MUTIARA', 'X BUSANA 1', '9', 'P', 'Belum Memilih', 1),
(263, '2253403', '22533403', '22533403', 'SOFI MAELANI PUTRI', 'X BUSANA 1', '9', 'P', 'Sudah Memilih', 1),
(264, '2253404', '2253404', '2253404', 'SONIA APRIYANTI', 'X BUSANA 1', '9', 'P', 'Sudah Memilih', 1),
(265, '2253405', '2253405', '2253405', 'Syaniya Syifa Fazia', 'X BUSANA 1', '9', 'P', 'Sudah Memilih', 1),
(266, '2253406', '2253406', '2253406', 'Umi Kalsum', 'X BUSANA 1', '9', 'P', 'Sudah Memilih', 1),
(267, '2253407', '2253407', '2253407', 'VILLA NAJWA AZ-ZAHRA PUTRI', 'X BUSANA 1', '9', 'P', 'Sudah Memilih', 1),
(268, '2253408', '2253408', '2253408', 'Vivi Diana Putri', 'X BUSANA 1', '9', 'P', 'Sudah Memilih', 1),
(269, '2253409', '2253409', '2253409', 'ZAHRO SUCI RAMADHANI', 'X BUSANA 1', '9', 'P', 'Belum Memilih', 1),
(270, '2253410', '2253410', '2253410', 'ALIYATUS SAKDIYAH', 'X BUSANA 2', '10', 'P', 'Sudah Memilih', 1),
(271, '2253411', '2253411', '2253411', 'Ani Rahma Wati', 'X BUSANA 2', '10', 'P', 'Sudah Memilih', 1),
(272, '2253412', '2253412', '2253412', 'AZZAHRA MIFTAHUL JANNAH', 'X BUSANA 2', '10', 'P', 'Sudah Memilih', 1),
(273, '2253413', '2253413', '2253413', 'Cindy Ika Pratiwi', 'X BUSANA 2', '10', 'P', 'Sudah Memilih', 1),
(274, '2253414', '2253414', '2253414', 'Devi Ayu Ning Tiyas', 'X BUSANA 2', '10', 'P', 'Sudah Memilih', 1),
(275, '2253415', '2253415', '2253415', 'ELVA RINA AGUSTIN', 'X BUSANA 2', '10', 'P', 'Sudah Memilih', 1),
(276, '2253416', '2253416', '2253416', 'FELA INTAN NURAINI', 'X BUSANA 2', '10', 'P', 'Sudah Memilih', 1),
(277, '2253417', '2253417', '2253417', 'FINA RACHMATIKA LUTFIA', 'X BUSANA 2', '10', 'P', 'Sudah Memilih', 1),
(278, '2253418', '2253418', '2253418', 'HANI NUR AULIA', 'X BUSANA 2', '10', 'P', 'Sudah Memilih', 1),
(279, '2253419', '2253419', '2253419', 'IDA BILLA', 'X BUSANA 2', '10', 'P', 'Sudah Memilih', 1),
(280, '2253420', '2253420', '2253420', 'Isnaini', 'X BUSANA 2', '10', 'P', 'Sudah Memilih', 1),
(281, '2253421', '2253421', '2253421', 'Jumiati', 'X BUSANA 2', '10', 'P', 'Sudah Memilih', 1),
(282, '2253422', '2253422', '2253422', 'LAILATUL RAMADANI', 'X BUSANA 2', '10', 'P', 'Sudah Memilih', 1),
(283, '2253423', '2253423', '2253423', 'LUTFI ARIFAH', 'X BUSANA 2', '10', 'P', 'Sudah Memilih', 1),
(284, '2253424', '2253424', '2253424', 'MAULINA SAFITRI', 'X BUSANA 2', '10', 'P', 'Sudah Memilih', 1),
(285, '2253425', '2253425', '2253425', 'Mellytria Raihana', 'X BUSANA 2', '10', 'P', 'Belum Memilih', 1),
(286, '2253426', '2253426', '2253426', 'MERLINA SULIS SETYANI', 'X BUSANA 2', '10', 'P', 'Sudah Memilih', 1),
(287, '2253427', '2253427', '2253427', 'NABILA WULAN ROHIDA', 'X BUSANA 2', '10', 'P', 'Sudah Memilih', 1),
(288, '2253428', '2253428', '2253428', 'Natasya Zahwa Aulia', 'X BUSANA 2', '10', 'P', 'Sudah Memilih', 1),
(289, '2253429', '2253429', '2253429', 'Nisrina Risma Elvariani', 'X BUSANA 2', '10', 'P', 'Sudah Memilih', 1),
(290, '2253430', '2253430', '2253430', 'Noviana Indah Indriani', 'X BUSANA 2', '10', 'P', 'Sudah Memilih', 1),
(291, '2253431', '2253431', '2253431', 'Nur Kholilah', 'X BUSANA 2', '10', 'P', 'Sudah Memilih', 1),
(292, '2253432', '2253432', '2253432', 'PYRENA AUREL TITANIA', 'X BUSANA 2', '10', 'P', 'Sudah Memilih', 1),
(293, '2253433', '2253433', '2253433', 'RIFA SHONIA MAULIDIYA', 'X BUSANA 2', '10', 'P', 'Sudah Memilih', 1),
(294, '2253434', '2253434', '2253434', 'ROHMATUN', 'X BUSANA 2', '10', 'P', 'Sudah Memilih', 1),
(295, '2253435', '2253435', '2253435', 'SESIL FRISKA AYUNIA SAHARANI', 'X BUSANA 2', '10', 'P', 'Sudah Memilih', 1),
(296, '2253436', '2253436', '2253436', 'SITI AMANAH', 'X BUSANA 2', '10', 'P', 'Sudah Memilih', 1),
(297, '2253437', '2253437', '2253337', 'SOFI MUFRIDA', 'X BUSANA 2', '10', 'P', 'Belum Memilih', 1),
(298, '2253438', '2253438', '2253438', 'SUCI INDAH LESTARI', 'X BUSANA 2', '10', 'P', 'Belum Memilih', 1),
(299, '2253439', '2253439', '2253439', 'ULUL AZMI KHOIRUN NISA', 'X BUSANA 2', '10', 'P', 'Sudah Memilih', 1),
(300, '2253440', '2253440', '2253440', 'UZLIVATUNNI MAH', 'X BUSANA 2', '10', 'L', 'Sudah Memilih', 1),
(301, '2253441', '2253441', '2253441', 'Virga Sulistianis', 'X BUSANA 2', '10', 'P', 'Sudah Memilih', 1),
(302, '2253442', '2253442', '2253442', 'Widya Fika Aulia', 'X BUSANA 2', '10', 'P', 'Sudah Memilih', 1),
(303, '2874', '2874', '2874', 'ABIL BIDHATULLOH', 'XI TPFL 1', '12', 'L', 'Sudah Memilih', 1),
(304, '2876', '2876', '2876', 'ADITYA RIDHO SYAH PUTRA', 'XI TPFL 1', '12', 'L', 'Sudah Memilih', 1),
(305, '2878', '2878', '2878', 'AHMAD HAIDAR ALI', 'XI TPFL 1', '12', 'L', 'Sudah Memilih', 1),
(306, '2880', '2880', '2880', 'ALVIEN SANDI AGUSTINO', 'XI TPFL 1', '12', 'L', 'Belum Memilih', 1),
(307, '2882', '2882', '2882', 'ARIZAL SUPRIYANTO', 'XI TPFL 1', '12', 'L', 'Sudah Memilih', 1),
(308, '2884', '2884', '2884', 'AVANSA VEBI SAPUTRA', 'XI TPFL 1', '12', 'L', 'Sudah Memilih', 1),
(309, '2886', '2886', '2886', 'DANI MUKTI PRATAMA', 'XI TPFL 1', '12', 'L', 'Sudah Memilih', 1),
(310, '2888', '2888', '2888', 'FIRMAN YANSAPUTRA', 'XI TPFL 1', '12', 'L', 'Sudah Memilih', 1),
(311, '2890', '2890', '2890', 'HAFIZ ATNAN MAULANA', 'XI TPFL 1', '12', 'L', 'Sudah Memilih', 1),
(312, '2892', '2892', '2892', 'HILGATAN SYAHRISAL', 'XI TPFL 1', '12', 'L', 'Belum Memilih', 1),
(313, '2894', '2894', '2894', 'KAFABIHI MUFTIZEN', 'XI TPFL 1', '12', 'L', 'Sudah Memilih', 1),
(314, '2896', '2896', '2896', 'Mario Farhan', 'XI TPFL 1', '12', 'L', 'Sudah Memilih', 1),
(315, '2898', '2898', '2898', 'MOHAMAD SATRIO WICAKSONO', 'XI TPFL 1', '12', 'L', 'Sudah Memilih', 1),
(316, '2900', '2900', '2900', 'Muchammad Lutfi', 'XI TPFL 1', '12', 'L', 'Belum Memilih', 1),
(317, '2902', '2902', '2902', 'Muhamad Fajar Ardhiyansyah', 'XI TPFL 1', '12', 'L', 'Sudah Memilih', 1),
(318, '2904', '2904', '2904', 'MUHAMMAD ABDUL FARID', 'XI TPFL 1', '12', 'L', 'Sudah Memilih', 1),
(319, '2906', '2906', '2906', 'MUHAMMAD ANDIKA RASYA ARDANA SAPUTRA', 'XI TPFL 1', '12', 'L', 'Sudah Memilih', 1),
(320, '2908', '2908', '2908', 'MUHAMMAD BAYU IRWANTO', 'XI TPFL 1', '12', 'L', 'Belum Memilih', 1),
(321, '2910', '2910', '2910', 'MUHAMMAD DIKI HIDAYAT', 'XI TPFL 1', '12', 'L', 'Sudah Memilih', 1),
(322, '2912', '2912', '2912', 'MUHAMMAD FATHUL WAHAB', 'XI TPFL 1', '12', 'L', 'Sudah Memilih', 1),
(323, '2914', '2914', '2914', 'Muhammad Nur Faizin', 'XI TPFL 1', '12', 'L', 'Sudah Memilih', 1),
(324, '2916', '2916', '2916', 'MUHAMMAD RIFQI', 'XI TPFL 1', '12', 'L', 'Sudah Memilih', 1),
(325, '2918', '2918', '2918', 'MUHAMMAD RYO SAPUTRA', 'XI TPFL 1', '12', 'L', 'Sudah Memilih', 1),
(326, '2920', '2920', '2920', 'MUHAMMAD SYAIFUL ANAM', 'XI TPFL 1', '12', 'L', 'Sudah Memilih', 1),
(327, '2922', '2922', '2922', 'NANANG JAZULI', 'XI TPFL 1', '12', 'L', 'Sudah Memilih', 1),
(328, '2924', '2924', '2924', 'RADIV FAJAR AL MAJID', 'XI TPFL 1', '12', 'L', 'Sudah Memilih', 1),
(329, '2926', '2926', '2926', 'REZZA FITRA', 'XI TPFL 1', '12', 'L', 'Sudah Memilih', 1),
(330, '2928', '2928', '2928', 'RIZKI ADI PUTRA', 'XI TPFL 1', '12', 'L', 'Sudah Memilih', 1),
(331, '2930', '2930', '2930', 'SAIFUDDIN ZUHRI', 'XI TPFL 1', '12', 'L', 'Belum Memilih', 1),
(332, '2932', '2932', '2932', 'SURYA ARI SETYAWAN', 'XI TPFL 1', '12', 'L', 'Sudah Memilih', 1),
(333, '2934', '2934', '2934', 'WISNU CANDRA FIRMANSYAH', 'XI TPFL 1', '12', 'L', 'Sudah Memilih', 1),
(334, '2936', '2936', '2936', 'ZIDAN MAULANA RAMADHAN', 'XI TPFL 1', '12', 'L', 'Sudah Memilih', 1),
(335, '2875', '2875', '2875', 'ACHMAD DANI ANDRIAN SAPUTRA', 'XI TPFL 2', '13', 'L', 'Sudah Memilih', 1),
(336, '2877', '2877', '2877', 'ADITYA SIGIT WICAKSONO', 'XI TPFL 2', '13', 'L', 'Sudah Memilih', 1),
(337, '2879', '2879', '2879', 'AINUL YAKIN', 'XI TPFL 2', '13', 'L', 'Sudah Memilih', 1),
(338, '2881', '2881', '2881', 'ANDIKA FIAN AL LATHIIF', 'XI TPFL 2', '13', 'L', 'Belum Memilih', 1),
(339, '2883', '2883', '2883', 'AUFA KHILMAN NAJIB', 'XI TPFL 2', '13', 'L', 'Sudah Memilih', 1),
(340, '2885', '2885', '2885', 'AYRIL PANJI MAESA AGNI', 'XI TPFL 2', '13', 'L', 'Sudah Memilih', 1),
(341, '2887', '2887', '2887', 'FACHRI MUSOFFA', 'XI TPFL 2', '13', 'L', 'Sudah Memilih', 1),
(342, '2889', '2889', '2889', 'HADWITYA', 'XI TPFL 2', '13', 'L', 'Sudah Memilih', 1),
(343, '2891', '2891', '2891', 'HAIDAR YOGA MAULANA', 'XI TPFL 2', '13', 'L', 'Sudah Memilih', 1),
(344, '2893', '2893', '2893', 'IQBAL MAULANA SURUR', 'XI TPFL 2', '13', 'L', 'Sudah Memilih', 1),
(345, '2895', '2895', '2895', 'M. ADI NURRENGGA SAUQI PUTRA', 'XI TPFL 2', '13', 'L', 'Sudah Memilih', 1),
(346, '2897', '2897', '2897', 'MISBAKHUDIN', 'XI TPFL 2', '13', 'L', 'Sudah Memilih', 1),
(347, '2899', '2899', '2899', 'MUCHAMMAD LATEF', 'XI TPFL 2', '13', 'L', 'Sudah Memilih', 1),
(348, '2901', '2901', '2901', 'MUHAMAD AKHBAT', 'XI TPFL 2', '13', 'L', 'Sudah Memilih', 1),
(349, '2903', '2903', '2903', 'MUHAMAD ZUHAL ALAWI', 'XI TPFL 2', '13', 'L', 'Sudah Memilih', 1),
(350, '2905', '2905', '2905', 'MUHAMMAD ALIF WAHYU ARJUNA', 'XI TPFL 2', '13', 'L', 'Sudah Memilih', 1),
(351, '2907', '2907', '2907', 'MUHAMMAD ASIF MAULANA', 'XI TPFL 2', '13', 'L', 'Sudah Memilih', 1),
(352, '2909', '2909', '2909', 'MUHAMMAD DAVA AJI PAMUNGKAS', 'XI TPFL 2', '13', 'L', 'Sudah Memilih', 1),
(353, '2911', '2911', '2911', 'MUHAMMAD DIRGA SATRIO', 'XI TPFL 2', '13', 'L', 'Belum Memilih', 1),
(354, '2913', '2913', '2913', 'MUHAMMAD IRFAN MAULANA', 'XI TPFL 2', '13', 'L', 'Sudah Memilih', 1),
(355, '2915', '2915', '2915', 'MUHAMMAD RIDWAN', 'XI TPFL 2', '13', 'L', 'Sudah Memilih', 1),
(356, '2917', '2917', '2917', 'MUHAMMAD RIVALDO', 'XI TPFL 2', '13', 'L', 'Sudah Memilih', 1),
(357, '2919', '2919', '2919', 'MUHAMMAD SAFFRIL AGUNG SAPUTRA', 'XI TPFL 2', '13', 'L', 'Sudah Memilih', 1),
(358, '2921', '2921', '2921', 'MUHAMMAD SYARIF HIDAYATULLOH', 'XI TPFL 2', '13', 'L', 'Belum Memilih', 1),
(359, '2923', '2923', '2923', 'NOVIANTO ANDIKA PUTRA', 'XI TPFL 2', '13', 'L', 'Sudah Memilih', 1),
(360, '2925', '2925', '2925', 'REHIAN DAFA IBNU PAMUNGKAS', 'XI TPFL 2', '13', 'L', 'Belum Memilih', 1),
(361, '2927', '2927', '2927', 'RISKY NUR AFFANDI', 'XI TPFL 2', '13', 'L', 'Sudah Memilih', 1),
(362, '2929', '2929', '2929', 'ROHMAD AINUL YAKIN', 'XI TPFL 2', '13', 'L', 'Sudah Memilih', 1),
(363, '2931', '2931', '2931', 'SELAMET TRI WAHYUDIN', 'XI TPFL 2', '13', 'L', 'Sudah Memilih', 1),
(364, '2933', '2933', '2933', 'TEGAR AJI WIJAYA', 'XI TPFL 2', '13', 'L', 'Sudah Memilih', 1),
(365, '2935', '2935', '2935', 'YAHYA KHUSNI MUBAROK', 'XI TPFL 2', '13', 'L', 'Sudah Memilih', 1),
(366, '2972', '2972', '2972', 'ADINDA WIDIA CHOIRUNNISA', 'XI PPLG 1', '14', 'P', 'Sudah Memilih', 1),
(367, '2994', '2994', '2994', 'ANDREAS ADI MINARSO', 'XI PPLG 1', '14', 'L', 'Sudah Memilih', 1),
(368, '2975', '2975', '2975', 'ANITA SARI', 'XI PPLG 1', '14', 'P', 'Sudah Memilih', 1),
(369, '2976', '2976', '2976', 'ARDIAN MUHAMMAD IQBAL', 'XI PPLG 1', '14', 'L', 'Sudah Memilih', 1),
(370, '2978', '2978', '2978', 'BAGAS SAPUTRA', 'XI PPLG 1', '14', 'L', 'Sudah Memilih', 1),
(371, '2980', '2980', '2980', 'CHELSEA ADITYA SUYATNO', 'XI PPLG 1', '14', 'L', 'Sudah Memilih', 1),
(372, '2983', '2983', '2983', 'DIMAS ILHAMSYAH RAMADHAN', 'XI PPLG 1', '14', 'L', 'Sudah Memilih', 1),
(373, '2984', '2984', '2984', 'DINA MUSTIKA', 'XI PPLG 1', '14', 'P', 'Sudah Memilih', 1),
(374, '2986', '2986', '2986', 'DWI RANI SYARIFAH', 'XI PPLG 1', '14', 'P', 'Sudah Memilih', 1),
(375, '2989', '2989', '2989', 'FIFIT SHOLIKHATUL MUFALAH', 'XI PPLG 1', '14', 'P', 'Belum Memilih', 1),
(376, '2990', '2990', '2990', 'FIKA ISMATUL HAWA', 'XI PPLG 1', '14', 'P', 'Sudah Memilih', 1),
(377, '2991', '2991', '2991', 'FIKI ZULKARNAIN', 'XI PPLG 1', '14', 'L', 'Sudah Memilih', 1),
(378, '2996', '2996', '2996', 'HEYDARISTO ZHAHIR RAZAQ', 'XI PPLG 1', '14', 'L', 'Sudah Memilih', 1),
(379, '2998', '2998', '2998', 'IKHA NUR ROCHAYATIN', 'XI PPLG 1', '14', 'P', 'Sudah Memilih', 1),
(380, '2999', '2999', '2999', 'IMA AZKA ROSADAH', 'XI PPLG 1', '14', 'P', 'Sudah Memilih', 1),
(381, '3001', '3001', '3001', 'KHAMILA NUR LUTFI AZZAHRA', 'XI PPLG 1', '14', 'P', 'Sudah Memilih', 1),
(382, '3004', '3004', '3004', 'LAILATUL RISA ISTIFADHOH', 'XI PPLG 1', '14', 'P', 'Sudah Memilih', 1),
(383, '3006', '3006', '3006', 'LUK LUUL LATIFAH', 'XI PPLG 1', '14', 'P', 'Sudah Memilih', 1),
(384, '3007', '3007', '3007', 'MAULANA ZAHRONY', 'XI PPLG 1', '14', 'L', 'Sudah Memilih', 1),
(385, '3009', '3009', '3009', 'MAYA INDAH LESTARI', 'XI PPLG 1', '14', 'P', 'Sudah Memilih', 1),
(386, '3012', '3012', '3012', 'MUHAMAD KHUSNU MAROM', 'XI PPLG 1', '14', 'L', 'Sudah Memilih', 1),
(387, '3014', '3014', '3014', 'MUHAMMAD HUDA GUNAWAN', 'XI PPLG 1', '14', 'L', 'Sudah Memilih', 1),
(388, '3016', '3016', '3016', 'MUTMAINAH SEPTIARINI', 'XI PPLG 1', '14', 'P', 'Sudah Memilih', 1),
(389, '3018', '3018', '3018', 'NASYWA SUKRIA HANIFA', 'XI PPLG 1', '14', 'P', 'Sudah Memilih', 1),
(390, '3020', '3020', '3020', 'NOR HIDAYAH FITRIYANI', 'XI PPLG 1', '14', 'P', 'Sudah Memilih', 1),
(391, '3022', '3022', '3022', 'NOVITA SARI', 'XI PPLG 1', '14', 'P', 'Sudah Memilih', 1),
(392, '3024', '3024', '3024', 'NUR IZZA', 'XI PPLG 1', '14', 'P', 'Sudah Memilih', 1),
(393, '3026', '3026', '3026', 'RISKA ANGGUN ANGRIANI', 'XI PPLG 1', '14', 'P', 'Sudah Memilih', 1),
(394, '3027', '3027', '3027', 'SAHRUL LUKMAN HAKIM', 'XI PPLG 1', '14', 'L', 'Sudah Memilih', 1),
(395, '3030', '3030', '3030', 'SETYA NENG RAHAYU', 'XI PPLG 1', '14', 'P', 'Sudah Memilih', 1),
(396, '3032', '3032', '3032', 'SITI AGNIA AMALIA', 'XI PPLG 1', '14', 'P', 'Belum Memilih', 1),
(397, '3034', '3034', '3034', 'TIARA BINTANG LISWANDA', 'XI PPLG 1', '14', 'P', 'Sudah Memilih', 1),
(398, '3036', '3036', '3036', 'WAHYU EKA PRASETYA', 'XI PPLG 1', '14', 'L', 'Sudah Memilih', 1),
(399, '3038', '3038', '3038', 'ZAHROTUN NISWAH', 'XI PPLG 1', '14', 'P', 'Sudah Memilih', 1),
(400, '3040', '3040', '3040', 'ZULIANA', 'XI PPLG 1', '14', 'P', 'Sudah Memilih', 1),
(401, '2973', '2973', '2973', 'AHMAD ARDHI SETIAWAN', 'XI PPLG 2', '15', 'L', 'Sudah Memilih', 1),
(402, '2974', '2974', '2974', 'ANISATUR ROFIQOH', 'XI PPLG 2', '15', 'P', 'Sudah Memilih', 1),
(403, '2977', '2977', '2977', 'AYU FEBRIANA PUTRI', 'XI PPLG 2', '15', 'P', 'Sudah Memilih', 1),
(404, '2979', '2979', '2979', 'BOWO SAKTI WIRATAMA', 'XI PPLG 2', '15', 'L', 'Sudah Memilih', 1),
(405, '2981', '2981', '2981', 'DANUARDI WAHYU PAMBUDI LAKSONO', 'XI PPLG 2', '15', 'L', 'Belum Memilih', 1),
(406, '2982', '2982', '2982', 'DEVA BUDIYANA', 'XI PPLG 2', '15', 'P', 'Sudah Memilih', 1),
(407, '2985', '2985', '2985', 'DWI FEBRI STIYANINGRUM', 'XI PPLG 2', '15', 'P', 'Sudah Memilih', 1),
(408, '2987', '2987', '2987', 'EVA ROHAS', 'XI PPLG 2', '15', 'P', 'Sudah Memilih', 1),
(409, '2988', '2988', '2988', 'FELIM EDI PRABOWO', 'XI PPLG 2', '15', 'L', 'Belum Memilih', 1),
(410, '2992', '2992', '2992', 'FITRI RAHMAWATI', 'XI PPLG 2', '15', 'P', 'Sudah Memilih', 1),
(411, '2993', '2993', '2993', 'HAMDAN AINUN NA`IM', 'XI PPLG 2', '15', 'L', 'Sudah Memilih', 1),
(412, '2995', '2995', '2995', 'HENI WIJAYANTI', 'XI PPLG 2', '15', 'P', 'Sudah Memilih', 1),
(413, '2997', '2997', '2997', 'IBNU RIF`AN', 'XI PPLG 2', '15', 'L', 'Sudah Memilih', 1),
(414, '3000', '3000', '3000', 'JIHAN SALWA FITRIANI', 'XI PPLG 2', '15', 'P', 'Sudah Memilih', 1),
(415, '3002', '3002', '3002', 'KHOTIMATUS SA`ADAH', 'XI PPLG 2', '15', 'P', 'Sudah Memilih', 1),
(416, '3003', '3003', '3003', 'LADA`ARDI SACHIO LAWIDYARTHDANA', 'XI PPLG 2', '15', 'L', 'Belum Memilih', 1),
(417, '3005', '3005', '3005', 'LATIFAH IRSYADIAH', 'XI PPLG 2', '15', 'P', 'Sudah Memilih', 1),
(418, '3008', '3008', '3008', 'MAULIDA INTAN NUR AINI', 'XI PPLG 2', '15', 'P', 'Belum Memilih', 1),
(419, '3010', '3010', '3010', 'MIFTAKHUL JANNAH', 'XI PPLG 2', '15', 'P', 'Belum Memilih', 1),
(420, '3011', '3011', '3011', 'MUH ASA SUSILO FARIKH SAKTI', 'XI PPLG 2', '15', 'L', 'Sudah Memilih', 1),
(421, '3013', '3013', '3013', 'MUHAMMAD HAIKAL', 'XI PPLG 2', '15', 'L', 'Sudah Memilih', 1),
(422, '3015', '3015', '3015', 'MUHAMMAD RIFQIL KHANIF', 'XI PPLG 2', '15', 'L', 'Sudah Memilih', 1),
(423, '3017', '3017', '3017', 'NABHAN AFLAHU SYAFIQ', 'XI PPLG 2', '15', 'L', 'Sudah Memilih', 1),
(424, '3019', '3019', '3019', 'NATASYA AYU LESTANTI', 'XI PPLG 2', '15', 'P', 'Sudah Memilih', 1),
(425, '3021', '3021', '3021', 'NOVI INDRIYANI', 'XI PPLG 2', '15', 'P', 'Sudah Memilih', 1),
(426, '3023', '3023', '3023', 'NUR HESTI MUGI RAHAYU', 'XI PPLG 2', '15', 'P', 'Sudah Memilih', 1),
(427, '3025', '3025', '3025', 'RIKA RAHMA AULIA', 'XI PPLG 2', '15', 'P', 'Belum Memilih', 1),
(428, '3028', '3028', '3028', 'SALMA NADIA AGUSTINA', 'XI PPLG 2', '15', 'P', 'Sudah Memilih', 1),
(429, '3029', '3029', '3029', 'SALMA VILINDIA PUTRI', 'XI PPLG 2', '15', 'P', 'Sudah Memilih', 1),
(430, '3031', '3031', '3031', 'SILVI WIDYA MAULANI', 'XI PPLG 2', '15', 'P', 'Sudah Memilih', 1),
(431, '3033', '3033', '3033', 'SITI KOTIJAH', 'XI PPLG 2', '15', 'P', 'Sudah Memilih', 1),
(432, '3035', '3035', '3035', 'VIVI NUR AISYAH', 'XI PPLG 2', '15', 'P', 'Sudah Memilih', 1),
(433, '3039', '3039', '3039', 'ZULFA SOFIANA', 'XI PPLG 2', '15', 'P', 'Belum Memilih', 1),
(434, '3041', '3041', '3041', 'ABDUL LATIF', 'XI KULINER 1', '16', 'L', 'Belum Memilih', 1),
(435, '3045', '3045', '3045', 'ALVINA DAMAYANTI', 'XI KULINER 1', '16', 'P', 'Sudah Memilih', 1),
(436, '3048', '3048', '3048', 'ANDI IRFAN', 'XI KULINER 1', '16', 'L', 'Sudah Memilih', 1),
(437, '3049', '3049', '3049', 'ANDIKA NIZAR BUDI ROICHAN', 'XI KULINER 1', '16', 'L', 'Sudah Memilih', 1),
(438, '3053', '3053', '3053', 'ANISA TRI WAHYUNI', 'XI KULINER 1', '16', 'P', 'Sudah Memilih', 1),
(439, '3059', '3059', '3059', 'ASFA SIDQIE', 'XI KULINER 1', '16', 'L', 'Belum Memilih', 1),
(440, '3057', '3057', '3057', 'BIMA SATRIA MAHARDIKA', 'XI KULINER 1', '16', 'L', 'Sudah Memilih', 1),
(441, '3058', '3058', '3058', 'CESSY ANGGY VELANY', 'XI KULINER 1', '16', 'P', 'Sudah Memilih', 1),
(442, '3060', '3060', '3060', 'DEVA DWI YUNARTO', 'XI KULINER 1', '16', 'L', 'Sudah Memilih', 1),
(443, '3043', '3043', '3043', 'EKA MAULANINGRUM', 'XI KULINER 1', '16', 'P', 'Sudah Memilih', 1),
(444, '3052', '3052', '3052', 'FAHMI FIRMANSYAH', 'XI KULINER 1', '16', 'L', 'Belum Memilih', 1),
(445, '3067', '3067', '3067', 'FARIG ADITIYA', 'XI KULINER 1', '16', 'L', 'Belum Memilih', 1),
(446, '3054', '3054', '3054', 'FEBRIANTI FIDIA SARI', 'XI KULINER 1', '16', 'P', 'Sudah Memilih', 1),
(447, '3072', '3072', '3072', 'IDA SURYANI', 'XI KULINER 1', '16', 'P', 'Sudah Memilih', 1),
(448, '3073', '3073', '3073', 'IMAN MAULANA TOTTI', 'XI KULINER 1', '16', 'L', 'Sudah Memilih', 1),
(449, '3105', '3105', '3105', 'JEDWI MAHELGA PATTY', 'XI KULINER 1', '16', 'L', 'Sudah Memilih', 1),
(450, '3076', '3076', '3076', 'KARINA MEISKA DILIA', 'XI KULINER 1', '16', 'P', 'Sudah Memilih', 1),
(451, '3080', '3080', '3080', 'MUHAMAD ERFIN MAULANA ABDUL S', 'XI KULINER 1', '16', 'L', 'Sudah Memilih', 1),
(452, '3081', '3081', '3081', 'MUHAMMAD IRFAN MAULANA', 'XI KULINER 1', '16', 'L', 'Sudah Memilih', 1),
(453, '3083', '3083', '3083', 'MUHAMMAD IRWAN MAULANA', 'XI KULINER 1', '16', 'L', 'Belum Memilih', 1),
(454, '3084', '3084', '3084', 'MUHAMMAD NUR RAMADHAN', 'XI KULINER 1', '16', 'L', 'Sudah Memilih', 1),
(455, '3086', '3086', '3086', 'MUHAMMAD TANTOWI YAHYA', 'XI KULINER 1', '16', 'L', 'Sudah Memilih', 1),
(456, '3088', '3088', '3088', 'MUSTIKA WATI', 'XI KULINER 1', '16', 'P', 'Sudah Memilih', 1),
(457, '3089', '3089', '3089', 'NABIL SALAFIN RIFANZA', 'XI KULINER 1', '16', 'L', 'Sudah Memilih', 1),
(458, '3042', '3042', '3042', 'NADA QOTHRU SHOBA', 'XI KULINER 1', '16', 'P', 'Sudah Memilih', 1),
(459, '3090', '3090', '3090', 'NADIA SOFIA R', 'XI KULINER 1', '16', 'P', 'Sudah Memilih', 1),
(460, '3098', '3098', '3098', 'RAHMA AULIA SALSABIL', 'XI KULINER 1', '16', 'P', 'Sudah Memilih', 1),
(461, '3101', '3101', '3101', 'RIYAN HIDAYAT', 'XI KULINER 1', '16', 'L', 'Belum Memilih', 1),
(462, '3062', '3062', '3062', 'SABELA FADHO LINA ARIYANTO', 'XI KULINER 1', '16', 'P', 'Sudah Memilih', 1),
(463, '3102', '3102', '3102', 'SALMA AQILA HANNA', 'XI KULINER 1', '16', 'P', 'Sudah Memilih', 1),
(464, '3104', '3104', '3104', 'YUNITA PUTRI RAHMAWATI', 'XI KULINER 1', '16', 'P', 'Sudah Memilih', 1),
(465, '3044', '3044', '3044', 'AHMAD SIDIK HIDAYAT', 'XI KULINER 2', '17', 'L', 'Belum Memilih', 1),
(466, '3047', '3047', '3047', 'ANDHIKA IVAN PERMANA', 'XI KULINER 2', '17', 'L', 'Sudah Memilih', 1),
(467, '3050', '3050', '3050', 'ANGGA ARYA PRADANA', 'XI KULINER 2', '17', 'L', 'Sudah Memilih', 1),
(468, '3051', '3051', '3051', 'ANGGITA DWI ANGGRAINY', 'XI KULINER 2', '17', 'P', 'Sudah Memilih', 1),
(469, '3055', '3055', '3055', 'AULIA ZAHRA ROLIAN', 'XI KULINER 2', '17', 'P', 'Sudah Memilih', 1),
(470, '3056', '3056', '3056', 'BASUNI HAIRLAMBANG NURIL HADIP', 'XI KULINER 2', '17', 'L', 'Belum Memilih', 1),
(471, '3061', '3061', '3061', 'DEVIN SUKMADITA ANJANA PUTRA', 'XI KULINER 2', '17', 'L', 'Sudah Memilih', 1),
(472, '3063', '3063', '3063', 'DEWI ARESA', 'XI KULINER 2', '17', 'P', 'Sudah Memilih', 1),
(473, '3064', '3064', '3064', 'DZAKY AJI RASYA', 'XI KULINER 2', '17', 'L', 'Belum Memilih', 1),
(474, '3065', '3065', '3065', 'ELLA AYU NINGRUM', 'XI KULINER 2', '17', 'P', 'Sudah Memilih', 1),
(475, '3066', '3066', '3066', 'FAJAR RAHMADANI', 'XI KULINER 2', '17', 'L', 'Belum Memilih', 1),
(476, '3069', '3069', '3069', 'FIKRY RIZKIANSYAH', 'XI KULINER 2', '17', 'L', 'Belum Memilih', 1),
(477, '3070', '3070', '3070', 'GITA RAHMAWATI', 'XI KULINER 2', '17', 'P', 'Sudah Memilih', 1),
(478, '3074', '3074', '3074', 'ISMAIL PUJIYANTO', 'XI KULINER 2', '17', 'L', 'Belum Memilih', 1),
(479, '3075', '3075', '3075', 'ISNA TSUROIYA', 'XI KULINER 2', '17', 'P', 'Sudah Memilih', 1),
(480, '3077', '3077', '3077', 'LINA NAILUZ ZAHRA', 'XI KULINER 2', '17', 'P', 'Sudah Memilih', 1),
(481, '3046', '3046', '3046', 'LUKMANULHAKIM LUTFI ALGHOZALI', 'XI KULINER 2', '17', 'L', 'Belum Memilih', 1),
(482, '3079', '3079', '3079', 'MUDAWAMAH', 'XI KULINER 2', '17', 'P', 'Sudah Memilih', 1),
(483, '3082', '3082', '3082', 'MUHAMMAD IRFAN MAULANA', 'XI KULINER 2', '17', 'L', 'Sudah Memilih', 1),
(484, '3085', '3085', '3085', 'MUHAMMAD SYAMSUDIN', 'XI KULINER 2', '17', 'L', 'Sudah Memilih', 1),
(485, '3087', '3087', '3087', 'MUHAMMAD ZAKKY FITRAH RAMADHAN', 'XI KULINER 2', '17', 'L', 'Sudah Memilih', 1),
(486, '3091', '3091', '3091', 'NELI ANGGRAINI VASA', 'XI KULINER 2', '17', 'P', 'Sudah Memilih', 1),
(487, '3092', '3092', '3092', 'NUR LAILA', 'XI KULINER 2', '17', 'P', 'Sudah Memilih', 1),
(488, '3093', '3093', '3093', 'NUR SAID', 'XI KULINER 2', '17', 'L', 'Sudah Memilih', 1),
(489, '3094', '3094', '3094', 'PINKAN ARYUSETA SEPTA LESTARI', 'XI KULINER 2', '17', 'P', 'Sudah Memilih', 1),
(490, '3097', '3097', '3097', 'RAFLI YANUARTAMA ARSANDI', 'XI KULINER 2', '17', 'L', 'Belum Memilih', 1),
(491, '3099', '3099', '3099', 'RIKHATUL IFKHA', 'XI KULINER 2', '17', 'P', 'Belum Memilih', 1),
(492, '3100', '3100', '3100', 'RIMA SANDI NATA', 'XI KULINER 2', '17', 'P', 'Sudah Memilih', 1),
(493, '3068', '3068', '3068', 'SITI NUR CHOLISAH', 'XI KULINER 2', '17', 'P', 'Sudah Memilih', 1),
(494, '3103', '3103', '3103', 'SITI NURUL AISAH', 'XI KULINER 2', '17', 'P', 'Sudah Memilih', 1),
(495, '3071', '3071', '3071', 'VANESA PUPUT PRATIWI', 'XI KULINER 2', '17', 'P', 'Sudah Memilih', 1),
(496, '3106', '3106', '3106', 'ADENIA BELLA SEPHIA', 'XI BUSANA', '18', 'P', 'Sudah Memilih', 1),
(497, '3107', '3107', '3107', 'AFIFATUN INAYAH', 'XI BUSANA', '18', 'P', 'Belum Memilih', 1),
(498, '3108', '3108', '3108', 'ANNISA MARLINA', 'XI BUSANA', '18', 'P', 'Sudah Memilih', 1),
(499, '3109', '3109', '3109', 'ATIKA SHOFIYATI SALMA', 'XI BUSANA', '18', 'P', 'Sudah Memilih', 1),
(500, '3110', '3110', '3110', 'CHIKA DWI ANJANI', 'XI BUSANA', '18', 'P', 'Sudah Memilih', 1),
(501, '3111', '3111', '3111', 'DESY IKA RAHMAWATI', 'XI BUSANA', '18', 'P', 'Sudah Memilih', 1),
(502, '3112', '3112', '3112', 'DEWI IRMAWATI', 'XI BUSANA', '18', 'P', 'Sudah Memilih', 1),
(503, '3113', '3113', '3113', 'DIAH SARASWATI', 'XI BUSANA', '18', 'P', 'Sudah Memilih', 1),
(504, '3114', '3114', '3114', 'EFI RAHMAWATI', 'XI BUSANA', '18', 'P', 'Sudah Memilih', 1);
INSERT INTO `data_pemilih` (`id`, `nis`, `username`, `password`, `nama`, `kelas`, `idkelas`, `jk`, `status`, `aktif`) VALUES
(505, '3115', '3115', '3115', 'EKA NUR KHASANAH', 'XI BUSANA', '18', 'P', 'Sudah Memilih', 1),
(506, '3117', '3117', '3117', 'FAJRIYAH MAULIDIA', 'XI BUSANA', '18', 'P', 'Sudah Memilih', 1),
(507, '3119', '3119', '3119', 'INAYATUL ULYAH', 'XI BUSANA', '18', 'P', 'Sudah Memilih', 1),
(508, '3121', '3121', '3121', 'KHAILILA SEPTIANI', 'XI BUSANA', '18', 'P', 'Sudah Memilih', 1),
(509, '3122', '3122', '3122', 'LAELA ROHMATUL HIDAYAH', 'XI BUSANA', '18', 'P', 'Sudah Memilih', 1),
(510, '3123', '3123', '3123', 'LISNA MA`UNATUL IZZAH', 'XI BUSANA', '18', 'P', 'Sudah Memilih', 1),
(511, '3124', '3124', '3124', 'LISTIA SAFITRI', 'XI BUSANA', '18', 'P', 'Sudah Memilih', 1),
(512, '3125', '3125', '3125', 'MAZALUNA ULYA', 'XI BUSANA', '18', 'P', 'Sudah Memilih', 1),
(513, '3126', '3126', '3126', 'NADILA FITRIANI', 'XI BUSANA', '18', 'P', 'Sudah Memilih', 1),
(514, '3127', '3127', '3127', 'NAFA QOTHRUNNADA', 'XI BUSANA', '18', 'P', 'Sudah Memilih', 1),
(515, '3128', '3128', '3128', 'NAFI` QOTHRUNNADA', 'XI BUSANA', '18', 'P', 'Sudah Memilih', 1),
(516, '3129', '3129', '3129', 'NANDA AGUSTIN SULISTIANA', 'XI BUSANA', '18', 'P', 'Sudah Memilih', 1),
(517, '3130', '3130', '3130', 'NOVI ANGGRIYANI', 'XI BUSANA', '18', 'P', 'Sudah Memilih', 1),
(518, '3131', '3131', '3131', 'RITA WAHYU UTAMI', 'XI BUSANA', '18', 'P', 'Sudah Memilih', 1),
(519, '3132', '3132', '3132', 'SHOFIANA', 'XI BUSANA', '18', 'P', 'Sudah Memilih', 1),
(520, '3133', '3133', '3133', 'SHOLEKHATUN HAWA', 'XI BUSANA', '18', 'P', 'Sudah Memilih', 1),
(521, '3134', '3134', '3134', 'SISKA DAMAYANTI', 'XI BUSANA', '18', 'P', 'Sudah Memilih', 1),
(522, '3135', '3135', '3135', 'SITI NUR FADDILAH', 'XI BUSANA', '18', 'P', 'Sudah Memilih', 1),
(523, '3136', '3136', '3136', 'SRI WIDYANINGSIH', 'XI BUSANA', '18', 'P', 'Sudah Memilih', 1),
(524, '3137', '3137', '3137', 'SUCI WULANDARI', 'XI BUSANA', '18', 'P', 'Sudah Memilih', 1),
(525, '3138', '3138', '3138', 'UMI KHOIROTUL ISTIANA', 'XI BUSANA', '18', 'P', 'Sudah Memilih', 1),
(526, '3139', '3139', '3139', 'WULAN ANGGRAENI', 'XI BUSANA', '18', 'P', 'Sudah Memilih', 1),
(527, '3140', '3140', '3140', 'ZULFA I`ANATUL MARIAH', 'XI BUSANA', '18', 'P', 'Sudah Memilih', 1),
(528, '2599', '2599', '2599', 'ADITYA DIMAS RAMADHAN', 'XII TL', '21', 'L', 'Belum Memilih', 1),
(529, '2600', '2600', '2600', 'ADITYA IIHAM NUSWANDARU', 'XII TL', '21', 'L', 'Belum Memilih', 1),
(530, '2601', '2601', '2601', 'ADRIYAS RAMADAN', 'XII TL', '21', 'L', 'Belum Memilih', 1),
(531, '2602', '2602', '2602', 'AHMAD RUFFI AT THORIQ', 'XII TL', '21', 'L', 'Belum Memilih', 1),
(532, '2603', '2603', '2603', 'AHMAD SHODIKIN', 'XII TL', '21', 'L', 'Belum Memilih', 1),
(533, '2604', '2604', '2604', 'AHMAD SHOKEH', 'XII TL', '21', 'L', 'Belum Memilih', 1),
(534, '2605', '2605', '2605', 'AHNAF JIZAN AUFA', 'XII TL', '21', 'L', 'Belum Memilih', 1),
(535, '2606', '2606', '2606', 'AINUL YAQIN', 'XII TL', '21', 'L', 'Belum Memilih', 1),
(536, '2607', '2607', '2607', 'ALAMSYAH MUHAMMAD HAMDAN', 'XII TL', '21', 'L', 'Belum Memilih', 1),
(537, '2608', '2608', '2608', 'ALDI PRASTIYO', 'XII TL', '21', 'L', 'Belum Memilih', 1),
(538, '2609', '2609', '2609', 'ALDO BINTANG PRABOWO', 'XII TL', '21', 'L', 'Sudah Memilih', 1),
(539, '2610', '2610', '2610', 'ALFIN KHOIRUL AMAR', 'XII TL', '21', 'L', 'Belum Memilih', 1),
(540, '2611', '2611', '2611', 'ANDITO GENTA PUTRA ADITAMA', 'XII TL', '21', 'L', 'Belum Memilih', 1),
(541, '2612', '2612', '2612', 'BAGAS ARDYAN SYAH', 'XII TL', '21', 'L', 'Belum Memilih', 1),
(542, '2613', '2613', '2613', 'FERMAS DIAN ANRIJA', 'XII TL', '21', 'L', 'Belum Memilih', 1),
(543, '2614', '2614', '2614', 'FILUR RIDLO', 'XII TL', '21', 'L', 'Belum Memilih', 1),
(544, '2615', '2615', '2615', 'GILANG INDARTO', 'XII TL', '21', 'L', 'Belum Memilih', 1),
(545, '2617', '2617', '2617', 'IVAN SAPUTRA ALYM MAHARDIKA', 'XII TL', '21', 'L', 'Belum Memilih', 1),
(546, '2619', '2619', '2619', 'MISBAKUL KHAQIM', 'XII TL', '21', 'L', 'Belum Memilih', 1),
(547, '2620', '2620', '2620', 'MOHAMMAD DWI YULIYANTO', 'XII TL', '21', 'L', 'Belum Memilih', 1),
(548, '2621', '2621', '2621', 'MUCHAMAD AMIN', 'XII TL', '21', 'L', 'Belum Memilih', 1),
(549, '2622', '2622', '2622', 'MUHAMMAD ALVIN SOBRI', 'XII TL', '21', 'L', 'Belum Memilih', 1),
(550, '2623', '2623', '2623', 'MUHAMMAD MAULANA YUSUF FATHONI', 'XII TL', '21', 'L', 'Belum Memilih', 1),
(551, '2624', '2624', '2624', 'MUHAMMAD MIFTAH', 'XII TL', '21', 'L', 'Belum Memilih', 1),
(552, '2625', '2625', '2625', 'PRAYOGA MEIDYA PUTRA', 'XII TL', '21', 'L', 'Belum Memilih', 1),
(553, '2626', '2626', '2626', 'RAMA ANDHIKA', 'XII TL', '21', 'L', 'Belum Memilih', 1),
(554, '2627', '2627', '2627', 'SAIFUR ROHMAN', 'XII TL', '21', 'L', 'Sudah Memilih', 1),
(555, '2628', '2628', '2628', 'SATRIA NALENDRA', 'XII TL', '21', 'L', 'Belum Memilih', 1),
(556, '2629', '2629', '2629', 'SEPTYAWAN RUSWIDIARTO', 'XII TL', '21', 'L', 'Belum Memilih', 1),
(557, '2630', '2630', '2630', 'SLAMET NUR CAHYO', 'XII TL', '21', 'L', 'Belum Memilih', 1),
(558, '2631', '2631', '2631', 'TEGAR ADI SAPUTRA', 'XII TL', '21', 'L', 'Sudah Memilih', 1),
(559, '2632', '2632', '2632', 'THEO DOROS EDSAL YOPPY CHRISENDO', 'XII TL', '21', 'L', 'Belum Memilih', 1),
(560, '2633', '2633', '2633', 'YUSUF RAHMANDANI', 'XII TL', '21', 'L', 'Belum Memilih', 1),
(561, '2634', '2634', '2634', 'ZACKY ADRIAN LAKSMANA', 'XII TL', '21', 'L', 'Belum Memilih', 1),
(562, '2635', '2635', '2635', 'ABDUL AZIS', 'XII TBSM 1', '19', 'L', 'Sudah Memilih', 1),
(563, '2637', '2637', '2637', 'ADHITYA BAGUS ARDANA', 'XII TBSM 1', '19', 'L', 'Sudah Memilih', 1),
(564, '2639', '2639', '2639', 'AHMAD SIHABUL MUSYAFAK', 'XII TBSM 1', '19', 'L', 'Belum Memilih', 1),
(565, '2641', '2641', '2641', 'AHMED AL AKBAR', 'XII TBSM 1', '19', 'L', 'Sudah Memilih', 1),
(566, '2643', '2643', '2643', 'AMALUL ILHAM SYAMSUDDIN', 'XII TBSM 1', '19', 'L', 'Sudah Memilih', 1),
(567, '2645', '2645', '2645', 'ANDIKA FAHRUL RISAL', 'XII TBSM 1', '19', 'L', 'Belum Memilih', 1),
(568, '2647', '2647', '2647', 'ANDIKA SHALAKODIN AGIL', 'XII TBSM 1', '19', 'L', 'Belum Memilih', 1),
(569, '2649', '2649', '2649', 'ATTALA AKBAR SUSWANTO', 'XII TBSM 1', '19', 'L', 'Sudah Memilih', 1),
(570, '2655', '2655', '2655', 'DWI ZICKY MAULANA', 'XII TBSM 1', '19', 'L', 'Sudah Memilih', 1),
(571, '2657', '2657', '2657', 'ENGGAR FAHDIANSA', 'XII TBSM 1', '19', 'L', 'Sudah Memilih', 1),
(572, '2659', '2659', '2659', 'FENDI SEPTIAWAN', 'XII TBSM 1', '19', 'L', 'Sudah Memilih', 1),
(573, '2661', '2661', '2661', 'HELMI AHMAD TAUHID', 'XII TBSM 1', '19', 'L', 'Sudah Memilih', 1),
(574, '2663', '2663', '2663', 'IFAN HARLAN ZULIYAN', 'XII TBSM 1', '19', 'L', 'Sudah Memilih', 1),
(575, '2665', '2665', '2665', 'IQBAL', 'XII TBSM 1', '19', 'L', 'Sudah Memilih', 1),
(576, '2667', '2667', '2667', 'IRFAN MUBAROK', 'XII TBSM 1', '19', 'L', 'Sudah Memilih', 1),
(577, '2669', '2669', '2669', 'KHOIRIL ANWAR', 'XII TBSM 1', '19', 'L', 'Sudah Memilih', 1),
(578, '2671', '2671', '2671', 'LUTFI KHAQIM', 'XII TBSM 1', '19', 'L', 'Belum Memilih', 1),
(579, '2677', '2677', '2677', 'MUCHAMAD SANTOSO', 'XII TBSM 1', '19', 'L', 'Sudah Memilih', 1),
(580, '2679', '2679', '2679', 'MUHAMAD ARIF NANDA MAULANA', 'XII TBSM 1', '19', 'L', 'Sudah Memilih', 1),
(581, '2683', '2683', '2683', 'MUHAMMAD ADJI KURNIAWAN', 'XII TBSM 1', '19', 'L', 'Belum Memilih', 1),
(582, '2685', '2685', '2685', 'MUHAMMAD FATKUS SYIFA', 'XII TBSM 1', '19', 'L', 'Sudah Memilih', 1),
(583, '2687', '2687', '2687', 'MUHAMMAD IRFAN MAULANA', 'XII TBSM 1', '19', 'L', 'Sudah Memilih', 1),
(584, '2689', '2689', '2689', 'MUHAMMAD RIZAL JAUHARUL ALAM', 'XII TBSM 1', '19', 'L', 'Belum Memilih', 1),
(585, '2691', '2691', '2691', 'MUHAMMAD SYARIF HIDAYATULLAH', 'XII TBSM 1', '19', 'L', 'Belum Memilih', 1),
(586, '2693', '2693', '2693', 'NOVAL KRISTIANTO', 'XII TBSM 1', '19', 'L', 'Belum Memilih', 1),
(587, '2695', '2695', '2695', 'RAHMAT LUHUR SAPUTRA', 'XII TBSM 1', '19', 'L', 'Sudah Memilih', 1),
(588, '2697', '2697', '2697', 'RIO ANDI YANTO', 'XII TBSM 1', '19', 'L', 'Sudah Memilih', 1),
(589, '2699', '2699', '2699', 'RIZKY ARDIANSYAH', 'XII TBSM 1', '19', 'L', 'Sudah Memilih', 1),
(590, '2701', '2701', '2701', 'WAHYU IMRAN', 'XII TBSM 1', '19', 'L', 'Belum Memilih', 1),
(591, '2703', '2703', '2703', 'YOGA FERDIANTO', 'XII TBSM 1', '19', 'L', 'Sudah Memilih', 1),
(592, '2705', '2705', '2705', 'ZAKHI MUSTHOFA', 'XII TBSM 1', '19', 'L', 'Belum Memilih', 1),
(593, '2636', '2636', '2636', 'ABDULLAH ABBAS NUR AULIA', 'XII TBSM 2', '20', 'L', 'Belum Memilih', 1),
(594, '2638', '2638', '2638', 'AHMAD AFRIAL NOUVAL', 'XII TBSM 2', '20', 'L', 'Belum Memilih', 1),
(595, '2640', '2640', '2640', 'AHMAD YUSUF', 'XII TBSM 2', '20', 'L', 'Belum Memilih', 1),
(596, '2642', '2642', '2642', 'ALIF NUR ISMA AFIF', 'XII TBSM 2', '20', 'L', 'Sudah Memilih', 1),
(597, '2644', '2644', '2644', 'ANAN JATMIKO', 'XII TBSM 2', '20', 'L', 'Belum Memilih', 1),
(598, '2646', '2646', '2646', 'ANDIKA JAYA KUSUMA', 'XII TBSM 2', '20', 'L', 'Belum Memilih', 1),
(599, '2648', '2648', '2648', 'ANNUR ROHMAN', 'XII TBSM 2', '20', 'L', 'Belum Memilih', 1),
(600, '2650', '2650', '2650', 'CELVIN SETYA CAHYADI', 'XII TBSM 2', '20', 'L', 'Sudah Memilih', 1),
(601, '2652', '2652', '2652', 'DAFIT REKA EFENDI', 'XII TBSM 2', '20', 'L', 'Belum Memilih', 1),
(602, '2654', '2654', '2654', 'DWI AGUS SETYAWAN', 'XII TBSM 2', '20', 'L', 'Belum Memilih', 1),
(603, '2656', '2656', '2656', 'EDY PRASETYO', 'XII TBSM 2', '20', 'L', 'Belum Memilih', 1),
(604, '2658', '2658', '2658', 'FARIQ RAMADHANI', 'XII TBSM 2', '20', 'L', 'Sudah Memilih', 1),
(605, '2660', '2660', '2660', 'HANANTYO ANDY DAMAR NUGROHO', 'XII TBSM 2', '20', 'L', 'Belum Memilih', 1),
(606, '2662', '2662', '2662', 'HERFINDA LUCKIA PUTRA', 'XII TBSM 2', '20', 'L', 'Belum Memilih', 1),
(607, '2664', '2664', '2664', 'IMAM ADI SATRIO', 'XII TBSM 2', '20', 'L', 'Belum Memilih', 1),
(608, '2666', '2666', '2666', 'IRFAN APRIADI', 'XII TBSM 2', '20', 'L', 'Belum Memilih', 1),
(609, '2668', '2668', '2668', 'KHARIS HIJRAH SAPUTRA', 'XII TBSM 2', '20', 'L', 'Belum Memilih', 1),
(610, '2670', '2670', '2670', 'LATHIF SETIADI', 'XII TBSM 2', '20', 'L', 'Belum Memilih', 1),
(611, '2672', '2672', '2672', 'MA`ARIF GUSTOFA', 'XII TBSM 2', '20', 'L', 'Belum Memilih', 1),
(612, '2674', '2674', '2674', 'MILANDRY SHEVA ARDANI', 'XII TBSM 2', '20', 'L', 'Belum Memilih', 1),
(613, '2676', '2676', '2676', 'MISBAKHUL MUNIR', 'XII TBSM 2', '20', 'L', 'Belum Memilih', 1),
(614, '2678', '2678', '2678', 'MUHAMAD ADITIA', 'XII TBSM 2', '20', 'L', 'Belum Memilih', 1),
(615, '2680', '2680', '2680', 'MUHAMAD HARYO UTOMO', 'XII TBSM 2', '20', 'L', 'Belum Memilih', 1),
(616, '2682', '2682', '2682', 'MUHAMAD SALIM', 'XII TBSM 2', '20', 'L', 'Belum Memilih', 1),
(617, '2684', '2684', '2684', 'MUHAMMAD ALWI MUBAROK', 'XII TBSM 2', '20', 'L', 'Belum Memilih', 1),
(618, '2686', '2686', '2686', 'MUHAMMAD FAZLIL KHAKIM', 'XII TBSM 2', '20', 'L', 'Belum Memilih', 1),
(619, '2688', '2688', '2688', 'MUHAMMAD NUR ADRIAN', 'XII TBSM 2', '20', 'L', 'Belum Memilih', 1),
(620, '2690', '2690', '2690', 'MUHAMMAD RIZKY SAPUTRA', 'XII TBSM 2', '20', 'L', 'Belum Memilih', 1),
(621, '2692', '2692', '2692', 'NAUFAL AZKA AZZAHRA', 'XII TBSM 2', '20', 'L', 'Belum Memilih', 1),
(622, '2696', '2696', '2696', 'RICKI KURNIAJI', 'XII TBSM 2', '20', 'L', 'Belum Memilih', 1),
(623, '2698', '2698', '2698', 'RIYAN MUHAJIR', 'XII TBSM 2', '20', 'L', 'Belum Memilih', 1),
(624, '2700', '2700', '2700', 'STEFEND FIKI NUGROHO', 'XII TBSM 2', '20', 'L', 'Belum Memilih', 1),
(625, '2702', '2702', '2702', 'YOGA EFANDA', 'XII TBSM 2', '20', 'L', 'Belum Memilih', 1),
(626, '2704', '2704', '2704', 'YOGA PRATAMA PUTRA PRIAGUNG', 'XII TBSM 2', '20', 'L', 'Belum Memilih', 1),
(627, '2706', '2706', '2706', 'AFITA DWIYANA', 'XII RPL 1', '22', 'P', 'Sudah Memilih', 1),
(628, '2708', '2708', '2708', 'ALEA CITRA RAMADHANI', 'XII RPL 1', '22', 'P', 'Sudah Memilih', 1),
(629, '2711', '2711', '2711', 'ARYA DWI ARDIANSYAH PUTRA PRIAGUNG', 'XII RPL 1', '22', 'L', 'Sudah Memilih', 1),
(630, '2712', '2712', '2712', 'AURA SEFILIA HIKMAWATI', 'XII RPL 1', '22', 'P', 'Sudah Memilih', 1),
(631, '2714', '2714', '2714', 'BULAN AYU PRATAMA', 'XII RPL 1', '22', 'P', 'Sudah Memilih', 1),
(632, '2716', '2716', '2716', 'CITRA DWI RUSNIAWATI', 'XII RPL 1', '22', 'P', 'Sudah Memilih', 1),
(633, '2718', '2718', '2718', 'DEWI RARA AMIATI', 'XII RPL 1', '22', 'P', 'Sudah Memilih', 1),
(634, '2722', '2722', '2722', 'DINASTI BINTANG AYUDIYA', 'XII RPL 1', '22', 'P', 'Sudah Memilih', 1),
(635, '2724', '2724', '2724', 'FAJAR RESPATI ULUNG', 'XII RPL 1', '22', 'L', 'Sudah Memilih', 1),
(636, '2726', '2726', '2726', 'FIKA AKMA LINDA', 'XII RPL 1', '22', 'P', 'Belum Memilih', 1),
(637, '2728', '2728', '2728', 'HENDRA RIYANTO', 'XII RPL 1', '22', 'L', 'Belum Memilih', 1),
(638, '2730', '2730', '2730', 'IDA MUSTAFIYAH', 'XII RPL 1', '22', 'P', 'Sudah Memilih', 1),
(639, '2732', '2732', '2732', 'INDAH KUSUMA SAPUTRI', 'XII RPL 1', '22', 'P', 'Sudah Memilih', 1),
(640, '2734', '2734', '2734', 'IQBAL TEGAR PRATAMA', 'XII RPL 1', '22', 'L', 'Sudah Memilih', 1),
(641, '2736', '2736', '2736', 'IRFAN HARLI SUSANDI', 'XII RPL 1', '22', 'L', 'Sudah Memilih', 1),
(642, '2738', '2738', '2738', 'KHOTIBUL UMMAM', 'XII RPL 1', '22', 'L', 'Sudah Memilih', 1),
(643, '2740', '2740', '2740', 'LAILIYA NUR FADILA', 'XII RPL 1', '22', 'P', 'Sudah Memilih', 1),
(644, '2742', '2742', '2742', 'MUHAMMAD HAFIYY AR REZA', 'XII RPL 1', '22', 'L', 'Sudah Memilih', 1),
(645, '2744', '2744', '2744', 'MUHAMMAD ZAKY', 'XII RPL 1', '22', 'L', 'Sudah Memilih', 1),
(646, '2746', '2746', '2746', 'NADIRA AURELLIA ROSA', 'XII RPL 1', '22', 'P', 'Sudah Memilih', 1),
(647, '2748', '2748', '2748', 'NANIK SOFIYANI', 'XII RPL 1', '22', 'P', 'Sudah Memilih', 1),
(648, '2750', '2750', '2750', 'NUR ALVI ROHMANIA', 'XII RPL 1', '22', 'P', 'Sudah Memilih', 1),
(649, '2752', '2752', '2752', 'ONNY PUTRI SETIANA', 'XII RPL 1', '22', 'P', 'Belum Memilih', 1),
(650, '2754', '2754', '2754', 'REGA ARVIN ANANTA', 'XII RPL 1', '22', 'L', 'Sudah Memilih', 1),
(651, '2756', '2756', '2756', 'REVANZA NAIRA PUTRI', 'XII RPL 1', '22', 'P', 'Sudah Memilih', 1),
(652, '2758', '2758', '2758', 'RULLY', 'XII RPL 1', '22', 'P', 'Sudah Memilih', 1),
(653, '2760', '2760', '2760', 'SAKIATUN NISA', 'XII RPL 1', '22', 'P', 'Sudah Memilih', 1),
(654, '2762', '2762', '2762', 'SHOFA SANIYAH', 'XII RPL 1', '22', 'P', 'Belum Memilih', 1),
(655, '2764', '2764', '2764', 'SILFIYA AINUR RESA', 'XII RPL 1', '22', 'P', 'Sudah Memilih', 1),
(656, '2766', '2766', '2766', 'SYAIFUL ROHMAN', 'XII RPL 1', '22', 'L', 'Belum Memilih', 1),
(657, '2768', '2768', '2768', 'TRI ANANDA SAPUTRA', 'XII RPL 1', '22', 'L', 'Sudah Memilih', 1),
(658, '2770', '2770', '2770', 'TRI MULYANI', 'XII RPL 1', '22', 'P', 'Belum Memilih', 1),
(659, '2772', '2772', '2772', 'WAHYU RIZKI NUR HIDAYAT', 'XII RPL 1', '22', 'L', 'Sudah Memilih', 1),
(660, '2707', '2707', '2707', 'AININ NASIKHAH', 'XII RPL 2', '23', 'P', 'Sudah Memilih', 1),
(661, '2709', '2709', '2709', 'ANGGER SUBQI JATI WICAKSONO', 'XII RPL 2', '23', 'L', 'Belum Memilih', 1),
(662, '2710', '2710', '2710', 'ANISA BELLA', 'XII RPL 2', '23', 'P', 'Sudah Memilih', 1),
(663, '2713', '2713', '2713', 'BAYU SANI SAPUTRA', 'XII RPL 2', '23', 'L', 'Sudah Memilih', 1),
(664, '2715', '2715', '2715', 'BUNGA ALFA RIZKI', 'XII RPL 2', '23', 'P', 'Sudah Memilih', 1),
(665, '2717', '2717', '2717', 'DALILATUN NABILA', 'XII RPL 2', '23', 'P', 'Sudah Memilih', 1),
(666, '2719', '2719', '2719', 'DIAN AS HARYANI', 'XII RPL 2', '23', 'P', 'Sudah Memilih', 1),
(667, '2721', '2721', '2721', 'DICKY RAMADHANI', 'XII RPL 2', '23', 'L', 'Sudah Memilih', 1),
(668, '2723', '2723', '2723', 'FAHRIYAN FAHRURROHMAN SURYA ADI', 'XII RPL 2', '23', 'L', 'Sudah Memilih', 1),
(669, '2725', '2725', '2725', 'FEISA WIDYA DUWI LESTARI', 'XII RPL 2', '23', 'P', 'Sudah Memilih', 1),
(670, '2727', '2727', '2727', 'FINA DWI RAHMAWATI', 'XII RPL 2', '23', 'P', 'Sudah Memilih', 1),
(671, '2729', '2729', '2729', 'IDA AYU RAHMAWATI', 'XII RPL 2', '23', 'P', 'Sudah Memilih', 1),
(672, '2731', '2731', '2731', 'IFFA LIMATUR ROHMAH', 'XII RPL 2', '23', 'P', 'Sudah Memilih', 1),
(673, '2733', '2733', '2733', 'INTAN FIRDA SAHARA', 'XII RPL 2', '23', 'P', 'Sudah Memilih', 1),
(674, '2735', '2735', '2735', 'IQBAL ULUL ALBAB', 'XII RPL 2', '23', 'L', 'Sudah Memilih', 1),
(675, '2737', '2737', '2737', 'IRMA AULIA', 'XII RPL 2', '23', 'P', 'Sudah Memilih', 1),
(676, '2739', '2739', '2739', 'KRIVDA NUR ALISA', 'XII RPL 2', '23', 'L', 'Belum Memilih', 1),
(677, '2741', '2741', '2741', 'MUHAMAD PANDU WIBISHONO', 'XII RPL 2', '23', 'L', 'Sudah Memilih', 1),
(678, '2743', '2743', '2743', 'MUHAMMAD IKHWAN SHOLIHIN', 'XII RPL 2', '23', 'L', 'Sudah Memilih', 1),
(679, '2745', '2745', '2745', 'MUHAMMAD ZAKY AKHTAR', 'XII RPL 2', '23', 'L', 'Sudah Memilih', 1),
(680, '2747', '2747', '2747', 'NANDA KHOERU NISSA', 'XII RPL 2', '23', 'P', 'Belum Memilih', 1),
(681, '2749', '2749', '2749', 'NIFA SABILA RIZQI', 'XII RPL 2', '23', 'P', 'Sudah Memilih', 1),
(682, '2751', '2751', '2751', 'NUR HIDAYATUS SHOLEKHAH', 'XII RPL 2', '23', 'P', 'Sudah Memilih', 1),
(683, '2753', '2753', '2753', 'PUTRI WULAN SARI', 'XII RPL 2', '23', 'P', 'Sudah Memilih', 1),
(684, '2755', '2755', '2755', 'RENDY ADITIA PRATAMA', 'XII RPL 2', '23', 'L', 'Belum Memilih', 1),
(685, '2757', '2757', '2757', 'RISMA MAULIDDINA', 'XII RPL 2', '23', 'P', 'Sudah Memilih', 1),
(686, '2759', '2759', '2759', 'SAIDATUL FITRIYAH', 'XII RPL 2', '23', 'P', 'Sudah Memilih', 1),
(687, '2761', '2761', '2761', 'SETIAWAN ADI NUGROHO', 'XII RPL 2', '23', 'L', 'Sudah Memilih', 1),
(688, '2763', '2763', '2763', 'SIFA KHOIRUL MUNA', 'XII RPL 2', '23', 'P', 'Sudah Memilih', 1),
(689, '2765', '2765', '2765', 'SYAHLENDRA PUTRA HIDAYAT', 'XII RPL 2', '23', 'L', 'Sudah Memilih', 1),
(690, '2767', '2767', '2767', 'TEGAR LUQMAN HAKIM', 'XII RPL 2', '23', 'L', 'Sudah Memilih', 1),
(691, '2769', '2769', '2769', 'TRI INDRIYANI', 'XII RPL 2', '23', 'P', 'Sudah Memilih', 1),
(692, '2771', '2771', '2771', 'WAHYU AINI', 'XII RPL 2', '23', 'P', 'Sudah Memilih', 1),
(693, '2773', '2773', '2773', 'WAHYU SHEVA AL AYDRUS', 'XII RPL 2', '23', 'L', 'Sudah Memilih', 1),
(694, '2774', '2774', '2774', 'AGIN KURNIA ANGGREINI', 'XII TBG 1', '24', 'P', 'Sudah Memilih', 1),
(695, '2776', '2776', '2776', 'ANISA WULANDARI', 'XII TBG 1', '24', 'P', 'Sudah Memilih', 1),
(696, '2778', '2778', '2778', 'ARIFAH WICA JULIANTI', 'XII TBG 1', '24', 'P', 'Sudah Memilih', 1),
(697, '2780', '2780', '2780', 'ARIQ FACHRUN NAJWA', 'XII TBG 1', '24', 'L', 'Belum Memilih', 1),
(698, '2782', '2782', '2782', 'AYU WULANSARI', 'XII TBG 1', '24', 'P', 'Sudah Memilih', 1),
(699, '2784', '2784', '2784', 'CALLISTA SALSABILA', 'XII TBG 1', '24', 'P', 'Sudah Memilih', 1),
(700, '2786', '2786', '2786', 'DAFFA FALIH ARKAAN', 'XII TBG 1', '24', 'L', 'Sudah Memilih', 1),
(701, '2788', '2788', '2788', 'DWI VEBRIANTORO', 'XII TBG 1', '24', 'L', 'Sudah Memilih', 1),
(702, '2790', '2790', '2790', 'EKA SAFITRI', 'XII TBG 1', '24', 'P', 'Sudah Memilih', 1),
(703, '2792', '2792', '2792', 'ERINA TRISNA NEVIA', 'XII TBG 1', '24', 'P', 'Sudah Memilih', 1),
(704, '2794', '2794', '2794', 'FAIZUL MUIZAH', 'XII TBG 1', '24', 'P', 'Sudah Memilih', 1),
(705, '2796', '2796', '2796', 'FARAH ASHILLAH', 'XII TBG 1', '24', 'P', 'Sudah Memilih', 1),
(706, '2800', '2800', '2800', 'HERA APRILIANI SETIANINGTYAS', 'XII TBG 1', '24', 'P', 'Sudah Memilih', 1),
(707, '2802', '2802', '2802', 'IBRAHIM MUHAMMAD NUR', 'XII TBG 1', '24', 'L', 'Belum Memilih', 1),
(708, '2804', '2804', '2804', 'IKHWANUL MUARIFIN', 'XII TBG 1', '24', 'L', 'Belum Memilih', 1),
(709, '2806', '2806', '2806', 'LISA NUR AFIKA', 'XII TBG 1', '24', 'P', 'Sudah Memilih', 1),
(710, '2808', '2808', '2808', 'MAHAYA AVRILARINDA', 'XII TBG 1', '24', 'P', 'Sudah Memilih', 1),
(711, '2810', '2810', '2810', 'MUHAMMAD ADI NUGROHO', 'XII TBG 1', '24', 'L', 'Belum Memilih', 1),
(712, '2812', '2812', '2812', 'MUHAMMAD ANDHIKA WAHYU PRATAMA', 'XII TBG 1', '24', 'L', 'Belum Memilih', 1),
(713, '2816', '2816', '2816', 'MUKHAMMAD KHOIRUL ANWAR', 'XII TBG 1', '24', 'L', 'Sudah Memilih', 1),
(714, '2818', '2818', '2818', 'RDINA AISAH', 'XII TBG 1', '24', 'P', 'Sudah Memilih', 1),
(715, '2820', '2820', '2820', 'RIFQI MIFTAQUL CHOIR', 'XII TBG 1', '24', 'L', 'Sudah Memilih', 1),
(716, '2826', '2826', '2826', 'SUMARNI', 'XII TBG 1', '24', 'P', 'Sudah Memilih', 1),
(717, '2828', '2828', '2828', 'TEGUH PRIHATIN', 'XII TBG 1', '24', 'L', 'Belum Memilih', 1),
(718, '2830', '2830', '2830', 'VINA ISMATUL ULYA', 'XII TBG 1', '24', 'P', 'Belum Memilih', 1),
(719, '2834', '2834', '2834', 'ZAKIYA SYAFIN SUTARNO', 'XII TBG 1', '24', 'L', 'Belum Memilih', 1),
(720, '2836', '2836', '2836', 'ZASIKA NOVA AULIA', 'XII TBG 1', '24', 'P', 'Sudah Memilih', 1),
(721, '2838', '2838', '2838', 'ZULFA QURROTU AINI', 'XII TBG 1', '24', 'P', 'Sudah Memilih', 1),
(722, '2775', '2775', '2775', 'AHMAD ADRE KURNIAWAN', 'XII TBG 2', '25', 'L', 'Belum Memilih', 1),
(723, '2777', '2777', '2777', 'ARDIVA YOS BASKARA', 'XII TBG 2', '25', 'L', 'Belum Memilih', 1),
(724, '2779', '2779', '2779', 'ARINA RAHMA LUTHFIANA', 'XII TBG 2', '25', 'P', 'Belum Memilih', 1),
(725, '2781', '2781', '2781', 'ASRI LUTFI HUDA', 'XII TBG 2', '25', 'L', 'Belum Memilih', 1),
(726, '2783', '2783', '2783', 'AYUK PUSPITA SARI', 'XII TBG 2', '25', 'P', 'Sudah Memilih', 1),
(727, '2785', '2785', '2785', 'CLARISSA DWI RAHAYU', 'XII TBG 2', '25', 'P', 'Belum Memilih', 1),
(728, '2789', '2789', '2789', 'EKA ALIA RAHMAWATI', 'XII TBG 2', '25', 'P', 'Sudah Memilih', 1),
(729, '2791', '2791', '2791', 'ERFAN FRESTIYONO', 'XII TBG 2', '25', 'L', 'Belum Memilih', 1),
(730, '2793', '2793', '2793', 'EVI KURNIAWATI', 'XII TBG 2', '25', 'P', 'Sudah Memilih', 1),
(731, '2795', '2795', '2795', 'FAJRI FIRRISKIA', 'XII TBG 2', '25', 'L', 'Belum Memilih', 1),
(732, '2797', '2797', '2797', 'FARDAN NAUFAL ARRIZQI', 'XII TBG 2', '25', 'L', 'Belum Memilih', 1),
(733, '2799', '2799', '2799', 'HENI MAFIATUN', 'XII TBG 2', '25', 'P', 'Belum Memilih', 1),
(734, '2801', '2801', '2801', 'HESTI RAHAYUNINGSIH', 'XII TBG 2', '25', 'P', 'Sudah Memilih', 1),
(735, '2803', '2803', '2803', 'IKA FITRIYAH', 'XII TBG 2', '25', 'P', 'Belum Memilih', 1),
(736, '2805', '2805', '2805', 'LIDYA MAHARANI', 'XII TBG 2', '25', 'P', 'Belum Memilih', 1),
(737, '2809', '2809', '2809', 'MELLIYA DEVITA SARI', 'XII TBG 2', '25', 'P', 'Sudah Memilih', 1),
(738, '2811', '2811', '2811', 'MUHAMMAD AMRIZAL SIDIQI', 'XII TBG 2', '25', 'L', 'Belum Memilih', 1),
(739, '2813', '2813', '2813', 'MUHAMMAD DIMAZ FIRMANSYAH', 'XII TBG 2', '25', 'L', 'Sudah Memilih', 1),
(740, '2815', '2815', '2815', 'MUHAMMAD ULIN NUHA', 'XII TBG 2', '25', 'L', 'Belum Memilih', 1),
(741, '2817', '2817', '2817', 'NUR CHASANAH', 'XII TBG 2', '25', 'P', 'Belum Memilih', 1),
(742, '2819', '2819', '2819', 'RIAN KURNIYANTO', 'XII TBG 2', '25', 'L', 'Belum Memilih', 1),
(743, '2821', '2821', '2821', 'RIYATRI KHANTANA', 'XII TBG 2', '25', 'P', 'Sudah Memilih', 1),
(744, '2823', '2823', '2823', 'SIVANI BELLA AYUNDA', 'XII TBG 2', '25', 'P', 'Belum Memilih', 1),
(745, '2825', '2825', '2825', 'SONIAH', 'XII TBG 2', '25', 'P', 'Sudah Memilih', 1),
(746, '2827', '2827', '2827', 'TAUFIQUL IQBAL', 'XII TBG 2', '25', 'L', 'Belum Memilih', 1),
(747, '2829', '2829', '2829', 'UMI FAROKAH', 'XII TBG 2', '25', 'P', 'Sudah Memilih', 1),
(748, '2831', '2831', '2831', 'VINA MALINDA', 'XII TBG 2', '25', 'P', 'Belum Memilih', 1),
(749, '2833', '2833', '2833', 'YULIA MAULEA ISNAINI', 'XII TBG 2', '25', 'P', 'Belum Memilih', 1),
(750, '2837', '2837', '2837', 'ZHAFRAN FATEKH NARDIANSYAH', 'XII TBG 2', '25', 'L', 'Belum Memilih', 1),
(751, '2839', '2839', '2839', 'ZUNIA WATI', 'XII TBG 2', '25', 'P', 'Sudah Memilih', 1),
(752, '2840', '2840', '2840', 'AL MEIYAWI', 'XII TB', '26', 'P', 'Sudah Memilih', 1),
(753, '2841', '2841', '2841', 'ANANDA PUTRI SEPTIANI', 'XII TB', '26', 'P', 'Sudah Memilih', 1),
(754, '2842', '2842', '2842', 'ARINA ZULFA', 'XII TB', '26', 'P', 'Sudah Memilih', 1),
(755, '2843', '2843', '2843', 'ATIKA RAHMAWATI', 'XII TB', '26', 'P', 'Sudah Memilih', 1),
(756, '2844', '2844', '2844', 'AYU VERA NINGSIH', 'XII TB', '26', 'P', 'Sudah Memilih', 1),
(757, '2651', '2651', '2651', 'CHILYATUS SA`ADAH', 'XII TB', '26', 'P', 'Sudah Memilih', 1),
(758, '2845', '2845', '2845', 'CINDY FAHRUNISA', 'XII TB', '26', 'P', 'Sudah Memilih', 1),
(759, '2847', '2847', '2847', 'DIANA SAFITRI', 'XII TB', '26', 'P', 'Sudah Memilih', 1),
(760, '2848', '2848', '2848', 'ENDANG LESTARI', 'XII TB', '26', 'P', 'Sudah Memilih', 1),
(761, '2849', '2849', '2849', 'ENDANG SRI WAHYUNI', 'XII TB', '26', 'P', 'Sudah Memilih', 1),
(762, '2850', '2850', '2850', 'EVI SETIANINGRUM', 'XII TB', '26', 'P', 'Sudah Memilih', 1),
(763, '2851', '2851', '2851', 'FELISA WASILATUR RIZQI', 'XII TB', '26', 'P', 'Sudah Memilih', 1),
(764, '2852', '2852', '2852', 'FITRIATUL AULIA', 'XII TB', '26', 'P', 'Sudah Memilih', 1),
(765, '2853', '2853', '2853', 'ICA RUSMAWATI', 'XII TB', '26', 'P', 'Sudah Memilih', 1),
(766, '2854', '2854', '2854', 'IKHA NURUL UMI KOIMAH', 'XII TB', '26', 'P', 'Sudah Memilih', 1),
(767, '2856', '2856', '2856', 'INDRIA SETIYA ARINI', 'XII TB', '26', 'P', 'Sudah Memilih', 1),
(768, '2857', '2857', '2857', 'ISTIKOMAH', 'XII TB', '26', 'P', 'Sudah Memilih', 1),
(769, '2858', '2858', '2858', 'KHOIR SUCIANA', 'XII TB', '26', 'P', 'Sudah Memilih', 1),
(770, '2859', '2859', '2859', 'KHOIRUN NISA', 'XII TB', '26', 'P', 'Sudah Memilih', 1),
(771, '2860', '2860', '2860', 'LENJAR PANGGALIH SELVI RIYANTO', 'XII TB', '26', 'P', 'Sudah Memilih', 1),
(772, '2861', '2861', '2861', 'LUCYANA AULIA RATNASARI', 'XII TB', '26', 'P', 'Sudah Memilih', 1),
(773, '2862', '2862', '2862', 'MUTMAINNATUL ARIFAH', 'XII TB', '26', 'P', 'Sudah Memilih', 1),
(774, '2863', '2863', '2863', 'NOVIANA ANGGRAINI', 'XII TB', '26', 'P', 'Sudah Memilih', 1),
(775, '2864', '2864', '2864', 'NUR AVIYANI', 'XII TB', '26', 'P', 'Sudah Memilih', 1),
(776, '2865', '2865', '2865', 'NUR CAHYATRI', 'XII TB', '26', 'P', 'Sudah Memilih', 1),
(777, '2866', '2866', '2866', 'NUR RONIYAH', 'XII TB', '26', 'P', 'Sudah Memilih', 1),
(778, '2867', '2867', '2867', 'NURUL LAILIN NAHAR', 'XII TB', '26', 'P', 'Sudah Memilih', 1),
(779, '2868', '2868', '2868', 'PUJI WIJAYANTI', 'XII TB', '26', 'P', 'Belum Memilih', 1),
(780, '2869', '2869', '2869', 'PUTRI ANGRIYANI', 'XII TB', '26', 'P', 'Sudah Memilih', 1),
(781, '2870', '2870', '2870', 'UMI WAHIDATUL ILAHIYAH', 'XII TB', '26', 'P', 'Sudah Memilih', 1),
(782, '2871', '2871', '2871', 'UMMI ALIYAH', 'XII TB', '26', 'P', 'Sudah Memilih', 1),
(783, '2872', '2872', '2872', 'VINA FEBIYANI', 'XII TB', '26', 'P', 'Sudah Memilih', 1),
(784, '2873', '2873', '2873', 'VITA DWI PURWANINGSIH', 'XII TB', '26', 'P', 'Sudah Memilih', 1),
(785, '2223206', 'ROFIUL', '2223206', 'ROFIUL', 'X  TO 1', '3', 'L', 'Belum Memilih', 1),
(823, '2937', '2937', '2937', 'ABDUL JAELANY', 'XI TO', '', 'L', 'Sudah Memilih', 1),
(824, '2938', '2938', '2938', 'ADITYA CHOIRUL PRATAMA', 'XI TO', '11', 'L', 'Sudah Memilih', 1),
(825, '2939', '2939', '2939', 'AHMAD CHOIRI AL KHAQIM', 'XI TO', '11', 'L', 'Sudah Memilih', 1),
(826, '2940', '2940', '2940', 'AHMAD MARZUQI AKBAR', 'XI TO', '11', 'L', 'Sudah Memilih', 1),
(827, '2941', '2941', '2941', 'AHMAD ZAINAL ABIDIN', 'XI TO', '11', 'L', 'Sudah Memilih', 1),
(828, '2942', '2942', '2942', 'AN&#39;IM EBID UBAIDILAH', 'XI TO', '11', 'L', 'Sudah Memilih', 1),
(829, '2943', '2943', '2943', 'DANI SETIAWAN', 'XI TO', '11', 'L', 'Sudah Memilih', 1),
(830, '2945', '2945', '2945', 'EKO PUJI HARIYANTO', 'XI TO', '11', 'L', 'Sudah Memilih', 1),
(831, '2947', '2947', '2947', 'FANI ZOGA PRASETYO', 'XI TO', '11', 'L', 'Sudah Memilih', 1),
(832, '2948', '2948', '2948', 'FIKA ZULFIKA', 'XI TO', '11', 'L', 'Sudah Memilih', 1),
(833, '2949', '2949', '2949', 'FRANSISKUS ARIF SETIAWAN', 'XI TO', '11', 'L', 'Sudah Memilih', 1),
(834, '2950', '2950', '2950', 'GALANG RIZKI RAMADAN', 'XI TO', '11', 'L', 'Sudah Memilih', 1),
(835, '2951', '2951', '2951', 'GUNAWAN', 'XI TO', '11', 'L', 'Sudah Memilih', 1),
(836, '2952', '2952', '2952', 'INDRA KURNIAWAN', 'XI TO', '11', 'L', 'Sudah Memilih', 1),
(837, '2953', '2953', '2953', 'JONI PURNOMO', 'XI TO', '11', 'L', 'Belum Memilih', 1),
(838, '2955', '2955', '2955', 'MAULANA RIZQI APRIANTO', 'XI TO', '11', 'L', 'Sudah Memilih', 1),
(839, '2956', '2956', '2956', 'MOCHAMMAD RIVAN ADITYA', 'XI TO', '11', 'L', 'Sudah Memilih', 1),
(840, '2957', '2957', '2957', 'MOHAMMAD DANY KHAMDAN', 'XI TO', '11', 'L', 'Sudah Memilih', 1),
(841, '2958', '2958', '2958', 'MUHAMAD ABI WAHYU AZZAKY', 'XI TO', '11', 'L', 'Sudah Memilih', 1),
(842, '2959', '2959', '2959', 'MUHAMAD GILANG SAPUTRA', 'XI TO', '11', 'L', 'Sudah Memilih', 1),
(843, '2960', '2960', '2960', 'MUHAMAD NUR FAJHRIN', 'XI TO', '11', 'L', 'Belum Memilih', 1),
(844, '2962', '2962', '2962', 'MUHAMMAD AMIRUL HAQ', 'XI TO', '11', 'L', 'Belum Memilih', 1),
(845, '2963', '2963', '2963', 'MUHAMMAD IQBAL MAUHIBAT', 'XI TO', '11', 'L', 'Sudah Memilih', 1),
(846, '2964', '2964', '2964', 'MUHAMMAD RIFKI RAMDHANI', 'XI TO', '11', 'L', 'Sudah Memilih', 1),
(847, '2965', '2965', '2965', 'MUHAMMAD SAFII', 'XI TO', '11', 'L', 'Sudah Memilih', 1),
(848, '2966', '2966', '2966', 'NUR ROCHIM', 'XI TO', '11', 'L', 'Sudah Memilih', 1),
(849, '2967', '2967', '2967', 'RAZHA NOVANTIO', 'XI TO', '11', 'L', 'Belum Memilih', 1),
(850, '2968', '2968', '2968', 'ROIS SOFI MUSTOFA', 'XI TO', '11', 'L', 'Sudah Memilih', 1),
(851, '2969', '2969', '2969', 'SAHIRUN AZIS', 'XI TO', '11', 'L', 'Sudah Memilih', 1),
(852, '2970', '2970', '2970', 'VICKY MAULANA ROHMAN', 'XI   TO', '11', 'L', 'Sudah Memilih', 1),
(853, '2971', '2971', '2971', 'WISNU ADI SAPUTRO', 'XI   TO', '11', 'L', 'Belum Memilih', 1),
(860, '22533402', '22533402', '22533402', 'SHINTA MUTIARA', 'X  BUSANA 1', '9', 'P', 'Sudah Memilih', 1),
(861, '22533409', '22533409', '22533409', 'Zahro Suci R', 'X  BUSANA 1', '9', 'P', 'Sudah Memilih', 1),
(862, '2243334', '2243334', '2243334', 'NUR AZIZAA', 'X  KULINER 1', '7', 'P', 'Sudah Memilih', 1);

-- --------------------------------------------------------

--
-- Table structure for table `data_pemilihan`
--

CREATE TABLE `data_pemilihan` (
  `idpemilihan` int(9) NOT NULL,
  `tipe` varchar(9) NOT NULL,
  `idpemilih` varchar(9) NOT NULL,
  `idkandidat` varchar(9) NOT NULL,
  `waktu` timestamp(6) NOT NULL DEFAULT current_timestamp(6)
) ENGINE=InnoDB DEFAULT CHARSET=latin1;

--
-- Dumping data for table `data_pemilihan`
--

INSERT INTO `data_pemilihan` (`idpemilihan`, `tipe`, `idpemilih`, `idkandidat`, `waktu`) VALUES
(8, 'siswa', '119', '1', '2022-11-10 02:21:07.731314'),
(9, 'siswa', '125', '1', '2022-11-10 02:22:45.084011'),
(10, 'siswa', '106', '1', '2022-11-10 02:24:32.542411'),
(11, 'siswa', '105', '1', '2022-11-10 02:27:01.925925'),
(12, 'siswa', '122', '1', '2022-11-10 02:28:41.382073'),
(13, 'siswa', '121', '1', '2022-11-10 02:29:59.659283'),
(14, 'siswa', '100', '1', '2022-11-10 02:30:11.785312'),
(15, 'siswa', '126', '1', '2022-11-10 02:30:22.391968'),
(16, 'siswa', '123', '1', '2022-11-10 02:31:15.689184'),
(17, 'siswa', '116', '1', '2022-11-10 02:31:19.593146'),
(18, 'siswa', '131', '1', '2022-11-10 02:31:24.059893'),
(19, 'siswa', '114', '1', '2022-11-10 02:32:28.930961'),
(20, 'siswa', '117', '1', '2022-11-10 02:32:35.206421'),
(21, 'siswa', '110', '1', '2022-11-10 02:32:43.298269'),
(22, 'siswa', '109', '1', '2022-11-10 02:33:37.996132'),
(23, 'siswa', '120', '1', '2022-11-10 02:33:41.935949'),
(24, 'siswa', '104', '1', '2022-11-10 02:34:18.274943'),
(25, 'siswa', '129', '1', '2022-11-10 02:35:28.750839'),
(26, 'siswa', '124', '1', '2022-11-10 02:35:45.365758'),
(27, 'siswa', '111', '1', '2022-11-10 02:36:11.354120'),
(28, 'siswa', '107', '1', '2022-11-10 02:36:15.584680'),
(29, 'siswa', '130', '1', '2022-11-10 02:37:26.509954'),
(30, 'siswa', '127', '1', '2022-11-10 02:37:30.033376'),
(31, 'siswa', '115', '1', '2022-11-10 02:37:56.432451'),
(32, 'siswa', '113', '1', '2022-11-10 02:39:00.225317'),
(33, 'siswa', '103', '1', '2022-11-10 02:39:23.518690'),
(34, 'siswa', '99', '1', '2022-11-10 02:39:34.133792'),
(35, 'siswa', '37', '1', '2022-11-10 02:40:54.928036'),
(36, 'siswa', '55', '1', '2022-11-10 02:41:56.330210'),
(37, 'siswa', '43', '1', '2022-11-10 02:42:31.580514'),
(38, 'siswa', '64', '1', '2022-11-10 02:42:40.931980'),
(39, 'siswa', '49', '3', '2022-11-10 02:42:59.649847'),
(40, 'siswa', '35', '4', '2022-11-10 02:44:15.945484'),
(41, 'siswa', '44', '3', '2022-11-10 02:44:32.855857'),
(42, 'siswa', '60', '1', '2022-11-10 02:45:19.972652'),
(43, 'siswa', '59', '1', '2022-11-10 02:45:41.681150'),
(44, 'siswa', '53', '1', '2022-11-10 02:46:19.823023'),
(45, 'siswa', '57', '1', '2022-11-10 02:46:26.303017'),
(46, 'siswa', '63', '2', '2022-11-10 02:47:42.201676'),
(47, 'siswa', '40', '2', '2022-11-10 02:48:04.707789'),
(48, 'siswa', '45', '2', '2022-11-10 02:49:04.321342'),
(49, 'siswa', '62', '3', '2022-11-10 02:49:10.438000'),
(50, 'siswa', '46', '1', '2022-11-10 02:49:41.412658'),
(51, 'siswa', '52', '1', '2022-11-10 02:50:02.029742'),
(52, 'siswa', '34', '3', '2022-11-10 02:50:21.858542'),
(53, 'siswa', '41', '1', '2022-11-10 02:51:00.478519'),
(54, 'siswa', '58', '1', '2022-11-10 02:51:17.190189'),
(55, 'siswa', '389', '3', '2022-11-10 02:52:01.390778'),
(56, 'siswa', '381', '1', '2022-11-10 02:52:28.970635'),
(57, 'siswa', '397', '3', '2022-11-10 02:52:29.360044'),
(58, 'siswa', '525', '1', '2022-11-10 02:53:03.774754'),
(59, 'siswa', '502', '1', '2022-11-10 02:53:17.012320'),
(60, 'siswa', '527', '1', '2022-11-10 02:53:37.544999'),
(61, 'siswa', '431', '4', '2022-11-10 02:53:59.788193'),
(62, 'siswa', '403', '1', '2022-11-10 02:54:02.538531'),
(63, 'siswa', '412', '1', '2022-11-10 02:54:24.147243'),
(64, 'siswa', '408', '3', '2022-11-10 02:54:37.829763'),
(65, 'siswa', '367', '3', '2022-11-10 02:54:49.318016'),
(66, 'siswa', '394', '1', '2022-11-10 02:55:06.264510'),
(67, 'siswa', '513', '1', '2022-11-10 02:55:48.617978'),
(68, 'siswa', '519', '1', '2022-11-10 02:56:01.334570'),
(69, 'siswa', '524', '1', '2022-11-10 02:56:02.114900'),
(70, 'siswa', '378', '1', '2022-11-10 02:56:38.681039'),
(71, 'siswa', '517', '1', '2022-11-10 02:57:15.229771'),
(72, 'siswa', '32', '1', '2022-11-10 02:57:17.754360'),
(73, 'siswa', '313', '1', '2022-11-10 02:58:14.947616'),
(74, 'siswa', '325', '4', '2022-11-10 02:58:26.145499'),
(75, 'siswa', '307', '1', '2022-11-10 02:58:40.934245'),
(76, 'siswa', '330', '3', '2022-11-10 02:59:06.979273'),
(77, 'siswa', '322', '2', '2022-11-10 02:59:08.310505'),
(78, 'siswa', '410', '1', '2022-11-10 02:59:32.126384'),
(79, 'siswa', '304', '3', '2022-11-10 02:59:55.364160'),
(80, 'siswa', '303', '2', '2022-11-10 03:00:25.791076'),
(81, 'siswa', '404', '2', '2022-11-10 03:00:35.444967'),
(82, 'siswa', '343', '1', '2022-11-10 03:00:50.089904'),
(83, 'siswa', '413', '2', '2022-11-10 03:00:56.084675'),
(84, 'siswa', '369', '3', '2022-11-10 03:01:33.203857'),
(85, 'siswa', '341', '1', '2022-11-10 03:01:42.309561'),
(86, 'siswa', '401', '2', '2022-11-10 03:02:05.833043'),
(87, 'siswa', '420', '2', '2022-11-10 03:02:12.016499'),
(88, 'siswa', '308', '1', '2022-11-10 03:02:19.462106'),
(89, 'siswa', '372', '3', '2022-11-10 03:03:00.025393'),
(90, 'siswa', '383', '1', '2022-11-10 03:03:10.926549'),
(91, 'siswa', '365', '1', '2022-11-10 03:03:17.722715'),
(92, 'siswa', '380', '1', '2022-11-10 03:03:41.330603'),
(93, 'siswa', '479', '1', '2022-11-10 03:04:04.341087'),
(94, 'siswa', '368', '1', '2022-11-10 03:04:08.063780'),
(95, 'siswa', '391', '3', '2022-11-10 03:04:17.315308'),
(96, 'siswa', '311', '2', '2022-11-10 03:05:14.573890'),
(97, 'siswa', '329', '1', '2022-11-10 03:05:33.118976'),
(98, 'siswa', '334', '2', '2022-11-10 03:05:52.523424'),
(99, 'siswa', '486', '1', '2022-11-10 03:05:58.677811'),
(100, 'siswa', '472', '1', '2022-11-10 03:06:20.228391'),
(101, 'siswa', '305', '1', '2022-11-10 03:06:43.108053'),
(102, 'siswa', '327', '1', '2022-11-10 03:06:48.266432'),
(103, 'siswa', '324', '2', '2022-11-10 03:06:59.167748'),
(104, 'siswa', '309', '2', '2022-11-10 03:07:31.418070'),
(105, 'siswa', '183', '4', '2022-11-10 03:07:35.232614'),
(106, 'siswa', '197', '4', '2022-11-10 03:07:46.254001'),
(107, 'siswa', '828', '3', '2022-11-10 03:08:19.908305'),
(108, 'siswa', '492', '1', '2022-11-10 03:08:40.669386'),
(109, 'siswa', '495', '1', '2022-11-10 03:08:53.338503'),
(110, 'siswa', '438', '4', '2022-11-10 03:09:13.137725'),
(111, 'siswa', '834', '1', '2022-11-10 03:09:23.281335'),
(112, 'siswa', '435', '1', '2022-11-10 03:09:57.781592'),
(113, 'siswa', '156', '1', '2022-11-10 03:10:19.917239'),
(114, 'siswa', '464', '4', '2022-11-10 03:10:48.137841'),
(115, 'siswa', '459', '4', '2022-11-10 03:11:04.130107'),
(116, 'siswa', '146', '3', '2022-11-10 03:11:29.049474'),
(117, 'siswa', '425', '2', '2022-11-10 03:11:58.927751'),
(118, 'siswa', '424', '1', '2022-11-10 03:12:34.637493'),
(119, 'siswa', '429', '2', '2022-11-10 03:13:19.423645'),
(120, 'siswa', '402', '2', '2022-11-10 03:14:00.016322'),
(121, 'siswa', '426', '2', '2022-11-10 03:14:38.944995'),
(122, 'siswa', '169', '3', '2022-11-10 03:15:44.671287'),
(123, 'siswa', '144', '1', '2022-11-10 03:15:51.616554'),
(124, 'siswa', '851', '2', '2022-11-10 03:16:14.842014'),
(125, 'siswa', '136', '2', '2022-11-10 03:16:57.433519'),
(126, 'siswa', '140', '2', '2022-11-10 03:17:15.710769'),
(127, 'siswa', '149', '1', '2022-11-10 03:17:25.019386'),
(128, 'siswa', '520', '3', '2022-11-10 03:17:46.425012'),
(129, 'siswa', '512', '1', '2022-11-10 03:17:59.849579'),
(130, 'siswa', '407', '2', '2022-11-10 03:18:23.431361'),
(131, 'siswa', '496', '1', '2022-11-10 03:18:44.628849'),
(132, 'siswa', '498', '1', '2022-11-10 03:18:44.645062'),
(133, 'siswa', '428', '4', '2022-11-10 03:19:31.817212'),
(134, 'siswa', '406', '1', '2022-11-10 03:19:50.383036'),
(135, 'siswa', '414', '4', '2022-11-10 03:20:18.218125'),
(136, 'siswa', '494', '1', '2022-11-10 03:21:08.566535'),
(137, 'siswa', '474', '1', '2022-11-10 03:21:10.267165'),
(138, 'siswa', '496', '1', '2022-11-10 03:21:36.447438'),
(139, 'siswa', '480', '1', '2022-11-10 03:22:01.588601'),
(140, 'siswa', '477', '1', '2022-11-10 03:22:01.871842'),
(141, 'siswa', '489', '1', '2022-11-10 03:22:03.901811'),
(142, 'siswa', '456', '4', '2022-11-10 03:22:46.046248'),
(143, 'siswa', '462', '4', '2022-11-10 03:23:03.444453'),
(144, 'siswa', '443', '1', '2022-11-10 03:23:06.129356'),
(145, 'siswa', '526', '1', '2022-11-10 03:23:30.086062'),
(146, 'siswa', '482', '1', '2022-11-10 03:23:43.799654'),
(147, 'siswa', '514', '1', '2022-11-10 03:24:18.620720'),
(148, 'siswa', '522', '1', '2022-11-10 03:24:20.005232'),
(149, 'siswa', '515', '1', '2022-11-10 03:24:38.288355'),
(150, 'siswa', '446', '1', '2022-11-10 03:24:56.978787'),
(151, 'siswa', '441', '1', '2022-11-10 03:25:02.335206'),
(152, 'siswa', '450', '4', '2022-11-10 03:25:40.633128'),
(153, 'siswa', '458', '4', '2022-11-10 03:25:59.662452'),
(154, 'siswa', '509', '3', '2022-11-10 03:26:02.619141'),
(155, 'siswa', '463', '1', '2022-11-10 03:26:37.740905'),
(156, 'siswa', '487', '1', '2022-11-10 03:26:45.573501'),
(157, 'siswa', '460', '1', '2022-11-10 03:26:46.390525'),
(158, 'siswa', '468', '1', '2022-11-10 03:27:33.598810'),
(159, 'siswa', '469', '1', '2022-11-10 03:27:40.310997'),
(160, 'siswa', '370', '1', '2022-11-10 03:27:44.872168'),
(161, 'siswa', '493', '1', '2022-11-10 03:28:22.157169'),
(162, 'siswa', '829', '1', '2022-11-10 03:29:01.218083'),
(163, 'siswa', '411', '2', '2022-11-10 03:29:47.150368'),
(164, 'siswa', '845', '1', '2022-11-10 03:30:00.120052'),
(165, 'siswa', '842', '1', '2022-11-10 03:30:10.463263'),
(166, 'siswa', '825', '3', '2022-11-10 03:31:09.195190'),
(167, 'siswa', '422', '1', '2022-11-10 03:31:13.363537'),
(168, 'siswa', '827', '2', '2022-11-10 03:31:54.381007'),
(169, 'siswa', '852', '1', '2022-11-10 03:32:31.127958'),
(170, 'siswa', '315', '2', '2022-11-10 03:32:45.235981'),
(171, 'siswa', '845', '3', '2022-11-10 03:32:58.231487'),
(172, 'siswa', '328', '1', '2022-11-10 03:33:23.116342'),
(173, 'siswa', '326', '4', '2022-11-10 03:33:48.872287'),
(174, 'siswa', '505', '1', '2022-11-10 03:33:57.314451'),
(175, 'siswa', '848', '1', '2022-11-10 03:33:57.911045'),
(176, 'siswa', '321', '3', '2022-11-10 03:34:28.611930'),
(177, 'siswa', '377', '1', '2022-11-10 03:34:44.618344'),
(178, 'siswa', '485', '1', '2022-11-10 03:34:46.658106'),
(179, 'siswa', '355', '1', '2022-11-10 03:35:31.510193'),
(180, 'siswa', '339', '1', '2022-11-10 03:35:36.292046'),
(181, 'siswa', '354', '1', '2022-11-10 03:35:36.699558'),
(182, 'siswa', '357', '2', '2022-11-10 03:36:08.415535'),
(183, 'siswa', '484', '1', '2022-11-10 03:36:28.793601'),
(184, 'siswa', '351', '1', '2022-11-10 03:36:50.053277'),
(185, 'siswa', '471', '1', '2022-11-10 03:36:59.711517'),
(186, 'siswa', '467', '1', '2022-11-10 03:37:38.713361'),
(187, 'siswa', '363', '3', '2022-11-10 03:38:04.759339'),
(188, 'siswa', '466', '1', '2022-11-10 03:38:09.393274'),
(189, 'siswa', '488', '1', '2022-11-10 03:39:09.598170'),
(190, 'siswa', '457', '1', '2022-11-10 03:39:29.305592'),
(191, 'siswa', '483', '1', '2022-11-10 03:39:40.614425'),
(192, 'siswa', '455', '1', '2022-11-10 03:39:50.269058'),
(193, 'siswa', '440', '1', '2022-11-10 03:40:41.773009'),
(194, 'siswa', '451', '1', '2022-11-10 03:40:55.840326'),
(195, 'siswa', '847', '3', '2022-11-10 03:42:10.687078'),
(196, 'siswa', '399', '1', '2022-11-10 03:42:11.528669'),
(197, 'siswa', '225', '3', '2022-11-10 03:42:20.476494'),
(198, 'siswa', '148', '2', '2022-11-10 03:43:19.919101'),
(199, 'siswa', '213', '4', '2022-11-10 03:43:20.092224'),
(200, 'siswa', '154', '2', '2022-11-10 03:44:37.190250'),
(201, 'siswa', '832', '1', '2022-11-10 03:44:41.620126'),
(202, 'siswa', '452', '1', '2022-11-10 03:44:47.263147'),
(203, 'siswa', '437', '1', '2022-11-10 03:45:32.244028'),
(204, 'siswa', '841', '1', '2022-11-10 03:45:36.668827'),
(205, 'siswa', '224', '3', '2022-11-10 03:45:51.347386'),
(206, 'siswa', '836', '1', '2022-11-10 03:46:29.838817'),
(207, 'siswa', '824', '1', '2022-11-10 03:46:50.197753'),
(208, 'siswa', '436', '1', '2022-11-10 03:46:57.035790'),
(209, 'siswa', '211', '1', '2022-11-10 03:47:17.875082'),
(210, 'siswa', '835', '3', '2022-11-10 03:48:09.821579'),
(211, 'siswa', '66', '1', '2022-11-10 03:48:12.227425'),
(212, 'siswa', '503', '3', '2022-11-10 03:48:35.479230'),
(213, 'siswa', '830', '1', '2022-11-10 03:49:02.113643'),
(214, 'siswa', '823', '3', '2022-11-10 03:49:16.248205'),
(215, 'siswa', '826', '1', '2022-11-10 03:49:33.125093'),
(216, 'siswa', '846', '1', '2022-11-10 03:49:55.525495'),
(217, 'siswa', '70', '1', '2022-11-10 03:50:03.196756'),
(218, 'siswa', '417', '1', '2022-11-10 03:50:05.065895'),
(219, 'siswa', '415', '2', '2022-11-10 03:50:52.913279'),
(220, 'siswa', '507', '3', '2022-11-10 03:50:52.913555'),
(221, 'siswa', '838', '2', '2022-11-10 03:50:54.368771'),
(222, 'siswa', '504', '3', '2022-11-10 03:52:14.250297'),
(223, 'siswa', '222', '1', '2022-11-10 03:52:35.193227'),
(224, 'siswa', '233', '1', '2022-11-10 03:53:04.785578'),
(225, 'siswa', '208', '1', '2022-11-10 03:53:16.576406'),
(226, 'siswa', '831', '1', '2022-11-10 03:53:32.371394'),
(227, 'siswa', '833', '2', '2022-11-10 03:53:54.352391'),
(228, 'siswa', '839', '1', '2022-11-10 03:54:08.370892'),
(229, 'siswa', '67', '1', '2022-11-10 03:54:28.242922'),
(230, 'siswa', '74', '1', '2022-11-10 03:54:54.420691'),
(231, 'siswa', '840', '2', '2022-11-10 03:55:33.646818'),
(232, 'siswa', '90', '1', '2022-11-10 03:56:07.670682'),
(233, 'siswa', '91', '2', '2022-11-10 03:56:33.927294'),
(234, 'siswa', '82', '2', '2022-11-10 03:56:44.705808'),
(235, 'siswa', '77', '1', '2022-11-10 03:57:28.451094'),
(236, 'siswa', '73', '2', '2022-11-10 03:57:44.812007'),
(237, 'siswa', '79', '1', '2022-11-10 03:58:29.056694'),
(238, 'siswa', '850', '1', '2022-11-10 03:58:32.746510'),
(239, 'siswa', '78', '1', '2022-11-10 03:58:44.231624'),
(240, 'siswa', '96', '1', '2022-11-10 03:59:37.785648'),
(241, 'siswa', '86', '2', '2022-11-10 03:59:43.494189'),
(242, 'siswa', '132', '1', '2022-11-10 04:00:14.366798'),
(243, 'siswa', '84', '2', '2022-11-10 04:00:25.567961'),
(244, 'siswa', '89', '1', '2022-11-10 04:00:32.007073'),
(245, 'siswa', '128', '1', '2022-11-10 04:01:03.340653'),
(246, 'siswa', '54', '3', '2022-11-10 04:01:32.605690'),
(247, 'siswa', '48', '1', '2022-11-10 04:02:38.497830'),
(248, 'siswa', '179', '4', '2022-11-10 04:03:06.217973'),
(249, 'siswa', '51', '1', '2022-11-10 04:03:06.965043'),
(250, 'siswa', '387', '3', '2022-11-10 04:03:21.906586'),
(251, 'siswa', '371', '3', '2022-11-10 04:04:05.704325'),
(252, 'siswa', '76', '3', '2022-11-10 04:04:12.316201'),
(253, 'siswa', '87', '1', '2022-11-10 04:04:27.311731'),
(254, 'siswa', '93', '1', '2022-11-10 04:05:06.039362'),
(255, 'siswa', '97', '1', '2022-11-10 04:05:59.733817'),
(256, 'siswa', '72', '1', '2022-11-10 04:06:03.525884'),
(257, 'siswa', '83', '4', '2022-11-10 04:06:37.527546'),
(258, 'siswa', '68', '1', '2022-11-10 04:07:28.283846'),
(259, 'siswa', '95', '3', '2022-11-10 04:07:39.714841'),
(260, 'siswa', '332', '1', '2022-11-10 04:07:48.735243'),
(261, 'siswa', '88', '3', '2022-11-10 04:08:21.320907'),
(262, 'siswa', '98', '1', '2022-11-10 04:08:45.865918'),
(263, 'siswa', '352', '3', '2022-11-10 04:08:51.954373'),
(264, 'siswa', '350', '1', '2022-11-10 04:08:56.181369'),
(265, 'siswa', '348', '1', '2022-11-10 04:09:30.330492'),
(266, 'siswa', '359', '1', '2022-11-10 04:09:34.153752'),
(267, 'siswa', '336', '1', '2022-11-10 04:09:34.577493'),
(268, 'siswa', '384', '3', '2022-11-10 04:10:03.789507'),
(269, 'siswa', '344', '1', '2022-11-10 04:10:06.425355'),
(270, 'siswa', '501', '1', '2022-11-10 04:10:59.725592'),
(271, 'siswa', '499', '1', '2022-11-10 04:11:03.073438'),
(272, 'siswa', '518', '1', '2022-11-10 04:11:03.368442'),
(273, 'siswa', '374', '1', '2022-11-10 04:11:43.334762'),
(274, 'siswa', '500', '1', '2022-11-10 04:11:56.893747'),
(275, 'siswa', '390', '1', '2022-11-10 04:11:59.562829'),
(276, 'siswa', '382', '1', '2022-11-10 04:12:15.245179'),
(277, 'siswa', '393', '1', '2022-11-10 04:12:35.299877'),
(278, 'siswa', '153', '3', '2022-11-10 04:13:03.467301'),
(279, 'siswa', '364', '1', '2022-11-10 04:13:33.070495'),
(280, 'siswa', '362', '1', '2022-11-10 04:13:51.889300'),
(281, 'siswa', '133', '1', '2022-11-10 04:14:41.870987'),
(282, 'siswa', '145', '3', '2022-11-10 04:15:05.719134'),
(283, 'siswa', '157', '1', '2022-11-10 04:15:35.632697'),
(284, 'siswa', '318', '1', '2022-11-10 04:16:16.134306'),
(285, 'siswa', '161', '1', '2022-11-10 04:16:50.920573'),
(286, 'siswa', '346', '1', '2022-11-10 04:16:53.477048'),
(287, 'siswa', '284', '1', '2022-11-10 04:17:43.203306'),
(288, 'siswa', '317', '1', '2022-11-10 04:19:12.586906'),
(289, 'siswa', '235', '1', '2022-11-10 04:19:15.979900'),
(290, 'siswa', '286', '1', '2022-11-10 04:19:27.935159'),
(291, 'siswa', '314', '1', '2022-11-10 04:20:00.338795'),
(292, 'siswa', '347', '1', '2022-11-10 04:20:03.417588'),
(293, 'siswa', '135', '1', '2022-11-10 04:20:53.368711'),
(294, 'siswa', '210', '1', '2022-11-10 04:20:54.266530'),
(295, 'siswa', '212', '1', '2022-11-10 04:21:00.807419'),
(296, 'siswa', '196', '1', '2022-11-10 04:22:10.066371'),
(297, 'siswa', '300', '1', '2022-11-10 04:22:25.575451'),
(298, 'siswa', '281', '1', '2022-11-10 04:23:03.159205'),
(299, 'siswa', '209', '1', '2022-11-10 04:23:05.578795'),
(300, 'siswa', '295', '1', '2022-11-10 04:24:13.583191'),
(301, 'siswa', '280', '1', '2022-11-10 04:24:20.239193'),
(302, 'siswa', '189', '4', '2022-11-10 04:24:53.241769'),
(303, 'siswa', '158', '1', '2022-11-10 04:25:34.013359'),
(304, 'siswa', '159', '1', '2022-11-10 04:25:46.387963'),
(305, 'siswa', '137', '2', '2022-11-10 04:26:25.488045'),
(306, 'siswa', '142', '1', '2022-11-10 04:26:35.115379'),
(307, 'siswa', '205', '1', '2022-11-10 04:27:37.928863'),
(308, 'siswa', '171', '4', '2022-11-10 04:27:58.136493'),
(309, 'siswa', '39', '1', '2022-11-10 04:28:50.569652'),
(310, 'siswa', '449', '1', '2022-11-10 04:28:54.619984'),
(311, 'siswa', '333', '1', '2022-11-10 04:29:27.264697'),
(312, 'siswa', '65', '1', '2022-11-10 04:29:40.566827'),
(313, 'siswa', '42', '1', '2022-11-10 04:30:07.015806'),
(314, 'siswa', '223', '1', '2022-11-10 04:31:00.948332'),
(315, 'siswa', '162', '1', '2022-11-10 04:31:52.004146'),
(316, 'siswa', '207', '1', '2022-11-10 04:31:59.745789'),
(317, 'siswa', '227', '1', '2022-11-10 04:32:04.687417'),
(318, 'siswa', '366', '1', '2022-11-10 04:32:45.929427'),
(319, 'siswa', '379', '3', '2022-11-10 04:32:46.830934'),
(320, 'siswa', '234', '1', '2022-11-10 04:32:57.522760'),
(321, 'siswa', '373', '3', '2022-11-10 04:33:25.004761'),
(322, 'siswa', '246', '2', '2022-11-10 04:33:58.835759'),
(323, 'siswa', '249', '3', '2022-11-10 04:35:08.589888'),
(324, 'siswa', '268', '3', '2022-11-10 04:35:09.576391'),
(325, 'siswa', '152', '1', '2022-11-10 04:35:20.547675'),
(326, 'siswa', '33', '3', '2022-11-10 04:36:07.092757'),
(327, 'siswa', '143', '1', '2022-11-10 04:36:11.831409'),
(328, 'siswa', '5', '3', '2022-11-10 04:36:39.479595'),
(329, 'siswa', '345', '1', '2022-11-10 04:36:50.106018'),
(330, 'siswa', '147', '3', '2022-11-10 04:37:03.556062'),
(331, 'siswa', '26', '1', '2022-11-10 04:37:57.549725'),
(332, 'siswa', '190', '4', '2022-11-10 04:38:58.407067'),
(333, 'siswa', '165', '1', '2022-11-10 04:39:21.539324'),
(334, 'siswa', '254', '1', '2022-11-10 04:39:44.324542'),
(335, 'siswa', '160', '1', '2022-11-10 04:41:17.129740'),
(336, 'siswa', '264', '1', '2022-11-10 04:42:14.505941'),
(337, 'siswa', '263', '2', '2022-11-10 04:42:15.189155'),
(338, 'siswa', '310', '1', '2022-11-10 04:43:14.234498'),
(339, 'siswa', '319', '2', '2022-11-10 04:43:39.014399'),
(340, 'siswa', '323', '1', '2022-11-10 04:43:49.903583'),
(341, 'siswa', '178', '4', '2022-11-10 04:44:47.812995'),
(342, 'siswa', '265', '1', '2022-11-10 04:44:48.934230'),
(343, 'siswa', '860', '1', '2022-11-10 04:45:04.897747'),
(344, 'siswa', '267', '2', '2022-11-10 04:45:29.026040'),
(345, 'siswa', '243', '2', '2022-11-10 04:45:49.715186'),
(346, 'siswa', '206', '1', '2022-11-10 04:46:28.029533'),
(347, 'siswa', '151', '1', '2022-11-10 04:46:36.285022'),
(348, 'siswa', '173', '1', '2022-11-10 04:46:45.663104'),
(349, 'siswa', '150', '1', '2022-11-10 04:47:17.184044'),
(350, 'siswa', '266', '2', '2022-11-10 04:48:05.069015'),
(351, 'siswa', '335', '3', '2022-11-10 04:48:24.794338'),
(352, 'siswa', '398', '2', '2022-11-10 04:48:44.226383'),
(353, 'siswa', '337', '2', '2022-11-10 04:49:08.064118'),
(354, 'siswa', '251', '2', '2022-11-10 04:49:12.234222'),
(355, 'siswa', '257', '2', '2022-11-10 04:49:37.868491'),
(356, 'siswa', '181', '4', '2022-11-10 04:50:13.945163'),
(357, 'siswa', '259', '2', '2022-11-10 04:50:18.875218'),
(358, 'siswa', '258', '2', '2022-11-10 04:50:22.673607'),
(359, 'siswa', '252', '2', '2022-11-10 04:50:57.845156'),
(360, 'siswa', '191', '4', '2022-11-10 04:51:30.049183'),
(361, 'siswa', '188', '4', '2022-11-10 04:51:30.223605'),
(362, 'siswa', '180', '1', '2022-11-10 04:51:43.387603'),
(363, 'siswa', '516', '1', '2022-11-10 04:52:25.198676'),
(364, 'siswa', '247', '2', '2022-11-10 04:52:49.036395'),
(365, 'siswa', '523', '1', '2022-11-10 04:53:06.156182'),
(366, 'siswa', '400', '2', '2022-11-10 04:53:30.535165'),
(367, 'siswa', '392', '2', '2022-11-10 04:53:51.895769'),
(368, 'siswa', '399', '1', '2022-11-10 04:54:41.489630'),
(369, 'siswa', '508', '1', '2022-11-10 04:54:47.676781'),
(370, 'siswa', '432', '2', '2022-11-10 04:55:19.708513'),
(371, 'siswa', '291', '3', '2022-11-10 04:56:28.404392'),
(372, 'siswa', '261', '2', '2022-11-10 04:56:39.301640'),
(373, 'siswa', '279', '1', '2022-11-10 04:57:29.779395'),
(374, 'siswa', '14', '1', '2022-11-10 04:57:34.070853'),
(375, 'siswa', '278', '1', '2022-11-10 04:58:23.208001'),
(376, 'siswa', '299', '1', '2022-11-10 04:58:27.022055'),
(377, 'siswa', '506', '1', '2022-11-10 04:59:01.276063'),
(378, 'siswa', '510', '1', '2022-11-10 04:59:19.633651'),
(379, 'siswa', '277', '1', '2022-11-10 04:59:41.350121'),
(380, 'siswa', '861', '2', '2022-11-10 05:00:08.033229'),
(381, 'siswa', '288', '1', '2022-11-10 05:00:11.975243'),
(382, 'siswa', '294', '1', '2022-11-10 05:00:37.668221'),
(383, 'siswa', '511', '1', '2022-11-10 05:00:45.330200'),
(384, 'siswa', '521', '1', '2022-11-10 05:01:02.811031'),
(385, 'siswa', '302', '2', '2022-11-10 05:01:29.977885'),
(386, 'siswa', '248', '1', '2022-11-10 05:01:50.732301'),
(387, 'siswa', '301', '1', '2022-11-10 05:02:05.901009'),
(388, 'siswa', '714', '4', '2022-11-10 05:02:06.627032'),
(389, 'siswa', '703', '1', '2022-11-10 05:02:29.968011'),
(390, 'siswa', '699', '1', '2022-11-10 05:02:38.900409'),
(391, 'siswa', '705', '1', '2022-11-10 05:02:54.197297'),
(392, 'siswa', '706', '1', '2022-11-10 05:03:36.195686'),
(393, 'siswa', '694', '1', '2022-11-10 05:03:43.984939'),
(394, 'siswa', '695', '1', '2022-11-10 05:03:55.161899'),
(395, 'siswa', '709', '1', '2022-11-10 05:04:05.555711'),
(396, 'siswa', '720', '1', '2022-11-10 05:04:07.973630'),
(397, 'siswa', '651', '1', '2022-11-10 05:04:23.918974'),
(398, 'siswa', '726', '1', '2022-11-10 05:04:33.595130'),
(399, 'siswa', '696', '1', '2022-11-10 05:04:50.034579'),
(400, 'siswa', '579', '1', '2022-11-10 05:04:51.929529'),
(401, 'siswa', '721', '1', '2022-11-10 05:04:56.968021'),
(402, 'siswa', '704', '3', '2022-11-10 05:05:29.039196'),
(403, 'siswa', '715', '1', '2022-11-10 05:05:35.544766'),
(404, 'siswa', '702', '1', '2022-11-10 05:05:37.246159'),
(405, 'siswa', '700', '1', '2022-11-10 05:05:54.810939'),
(406, 'siswa', '743', '1', '2022-11-10 05:06:16.305650'),
(407, 'siswa', '728', '1', '2022-11-10 05:06:21.028524'),
(408, 'siswa', '701', '1', '2022-11-10 05:06:22.454294'),
(409, 'siswa', '698', '1', '2022-11-10 05:07:03.219707'),
(410, 'siswa', '686', '2', '2022-11-10 05:07:04.538147'),
(411, 'siswa', '566', '1', '2022-11-10 05:07:19.247116'),
(412, 'siswa', '571', '4', '2022-11-10 05:07:32.112304'),
(413, 'siswa', '275', '1', '2022-11-10 05:08:37.844064'),
(414, 'siswa', '274', '1', '2022-11-10 05:08:39.958249'),
(415, 'siswa', '682', '1', '2022-11-10 05:08:46.964595'),
(416, 'siswa', '758', '1', '2022-11-10 05:09:26.145041'),
(417, 'siswa', '632', '1', '2022-11-10 05:09:27.083012'),
(418, 'siswa', '289', '1', '2022-11-10 05:09:36.892556'),
(419, 'siswa', '739', '1', '2022-11-10 05:10:00.529085'),
(420, 'siswa', '666', '1', '2022-11-10 05:10:02.683396'),
(421, 'siswa', '642', '1', '2022-11-10 05:10:22.053711'),
(422, 'siswa', '8', '1', '2022-11-10 05:10:31.587251'),
(423, 'siswa', '644', '1', '2022-11-10 05:10:44.695563'),
(424, 'siswa', '641', '1', '2022-11-10 05:10:48.266876'),
(425, 'siswa', '645', '1', '2022-11-10 05:11:04.731480'),
(426, 'siswa', '657', '1', '2022-11-10 05:11:09.995623'),
(427, 'siswa', '673', '1', '2022-11-10 05:11:14.036352'),
(428, 'siswa', '242', '2', '2022-11-10 05:11:44.431005'),
(429, 'siswa', '662', '3', '2022-11-10 05:11:50.183400'),
(430, 'siswa', '681', '1', '2022-11-10 05:12:00.849618'),
(431, 'siswa', '685', '1', '2022-11-10 05:12:11.057822'),
(432, 'siswa', '671', '1', '2022-11-10 05:12:34.852074'),
(433, 'siswa', '675', '1', '2022-11-10 05:12:37.217561'),
(434, 'siswa', '292', '4', '2022-11-10 05:13:12.134085'),
(435, 'siswa', '745', '1', '2022-11-10 05:13:27.936669'),
(436, 'siswa', '290', '2', '2022-11-10 05:13:29.785187'),
(437, 'siswa', '256', '2', '2022-11-10 05:13:39.710816'),
(438, 'siswa', '273', '2', '2022-11-10 05:14:09.815661'),
(439, 'siswa', '734', '1', '2022-11-10 05:14:12.986986'),
(440, 'siswa', '716', '1', '2022-11-10 05:14:23.452622'),
(441, 'siswa', '664', '1', '2022-11-10 05:14:37.992385'),
(442, 'siswa', '669', '1', '2022-11-10 05:14:53.802152'),
(443, 'siswa', '631', '1', '2022-11-10 05:15:03.610960'),
(444, 'siswa', '630', '1', '2022-11-10 05:15:24.028895'),
(445, 'siswa', '633', '1', '2022-11-10 05:15:28.562047'),
(446, 'siswa', '639', '1', '2022-11-10 05:15:43.298309'),
(447, 'siswa', '710', '3', '2022-11-10 05:15:48.055928'),
(448, 'siswa', '565', '1', '2022-11-10 05:16:04.554404'),
(449, 'siswa', '650', '1', '2022-11-10 05:16:04.994956'),
(450, 'siswa', '563', '1', '2022-11-10 05:16:26.207355'),
(451, 'siswa', '186', '4', '2022-11-10 05:16:40.622011'),
(452, 'siswa', '643', '1', '2022-11-10 05:16:41.363026'),
(453, 'siswa', '628', '1', '2022-11-10 05:17:07.172791'),
(454, 'siswa', '648', '1', '2022-11-10 05:17:09.527410'),
(455, 'siswa', '683', '1', '2022-11-10 05:17:36.134699'),
(456, 'siswa', '640', '4', '2022-11-10 05:18:07.244769'),
(457, 'siswa', '193', '4', '2022-11-10 05:18:09.158226'),
(458, 'siswa', '10', '2', '2022-11-10 05:18:34.407723'),
(459, 'siswa', '31', '4', '2022-11-10 05:18:34.534949'),
(460, 'siswa', '19', '1', '2022-11-10 05:18:41.217618'),
(461, 'siswa', '767', '1', '2022-11-10 05:19:16.885566'),
(462, 'siswa', '108', '1', '2022-11-10 05:19:22.718549'),
(463, 'siswa', '634', '3', '2022-11-10 05:20:00.798855'),
(464, 'siswa', '755', '1', '2022-11-10 05:21:04.570665'),
(465, 'siswa', '27', '1', '2022-11-10 05:21:22.196842'),
(466, 'siswa', '23', '1', '2022-11-10 05:21:35.367722'),
(467, 'siswa', '765', '1', '2022-11-10 05:22:37.292711'),
(468, 'siswa', '781', '1', '2022-11-10 05:22:44.214058'),
(469, 'siswa', '572', '1', '2022-11-10 05:23:16.437862'),
(470, 'siswa', '1', '1', '2022-11-10 05:23:50.806092'),
(471, 'siswa', '22', '1', '2022-11-10 05:23:59.253032'),
(472, 'siswa', '589', '1', '2022-11-10 05:24:15.229138'),
(473, 'siswa', '570', '1', '2022-11-10 05:24:18.143007'),
(474, 'siswa', '688', '1', '2022-11-10 05:24:46.481620'),
(475, 'siswa', '652', '1', '2022-11-10 05:24:48.217769'),
(476, 'siswa', '782', '1', '2022-11-10 05:25:08.540670'),
(477, 'siswa', '756', '1', '2022-11-10 05:25:11.658647'),
(478, 'siswa', '764', '1', '2022-11-10 05:25:47.601184'),
(479, 'siswa', '759', '1', '2022-11-10 05:25:57.108783'),
(480, 'siswa', '773', '3', '2022-11-10 05:25:57.160838'),
(481, 'siswa', '780', '1', '2022-11-10 05:26:23.694142'),
(482, 'siswa', '747', '1', '2022-11-10 05:26:50.740182'),
(483, 'siswa', '783', '1', '2022-11-10 05:26:57.445000'),
(484, 'siswa', '766', '1', '2022-11-10 05:27:12.053357'),
(485, 'siswa', '751', '1', '2022-11-10 05:27:25.507505'),
(486, 'siswa', '737', '1', '2022-11-10 05:27:32.605297'),
(487, 'siswa', '677', '3', '2022-11-10 05:27:50.084359'),
(488, 'siswa', '663', '1', '2022-11-10 05:27:59.098760'),
(489, 'siswa', '687', '1', '2022-11-10 05:28:10.997488'),
(490, 'siswa', '674', '3', '2022-11-10 05:28:27.079508'),
(491, 'siswa', '668', '3', '2022-11-10 05:28:28.958080'),
(492, 'siswa', '349', '1', '2022-11-10 05:28:46.013937'),
(493, 'siswa', '692', '3', '2022-11-10 05:28:53.529697'),
(494, 'siswa', '691', '1', '2022-11-10 05:29:12.444251'),
(495, 'siswa', '665', '1', '2022-11-10 05:29:16.632630'),
(496, 'siswa', '777', '2', '2022-11-10 05:29:24.378863'),
(497, 'siswa', '591', '1', '2022-11-10 05:30:04.025674'),
(498, 'siswa', '775', '1', '2022-11-10 05:30:08.237019'),
(499, 'siswa', '778', '2', '2022-11-10 05:30:17.404801'),
(500, 'siswa', '574', '1', '2022-11-10 05:30:27.805239'),
(501, 'siswa', '554', '1', '2022-11-10 05:30:38.121188'),
(502, 'siswa', '660', '1', '2022-11-10 05:30:58.462383'),
(503, 'siswa', '629', '1', '2022-11-10 05:31:04.160260'),
(504, 'siswa', '538', '1', '2022-11-10 05:31:24.443748'),
(505, 'siswa', '198', '3', '2022-11-10 05:31:47.415648'),
(506, 'siswa', '762', '1', '2022-11-10 05:31:52.254764'),
(507, 'siswa', '569', '1', '2022-11-10 05:31:58.117718'),
(508, 'siswa', '754', '1', '2022-11-10 05:32:17.761522'),
(509, 'siswa', '761', '1', '2022-11-10 05:32:23.430324'),
(510, 'siswa', '575', '1', '2022-11-10 05:32:39.585006'),
(511, 'siswa', '580', '1', '2022-11-10 05:32:59.625509'),
(512, 'siswa', '573', '1', '2022-11-10 05:33:12.805233'),
(513, 'siswa', '693', '1', '2022-11-10 05:33:14.805036'),
(514, 'siswa', '770', '3', '2022-11-10 05:33:51.526612'),
(515, 'siswa', '776', '1', '2022-11-10 05:34:12.678242'),
(516, 'siswa', '200', '3', '2022-11-10 05:34:19.172312'),
(517, 'siswa', '769', '3', '2022-11-10 05:35:04.441225'),
(518, 'siswa', '760', '1', '2022-11-10 05:35:23.323253'),
(519, 'siswa', '753', '2', '2022-11-10 05:35:54.840601'),
(520, 'siswa', '771', '1', '2022-11-10 05:36:50.533958'),
(521, 'siswa', '862', '1', '2022-11-10 05:36:56.390546'),
(522, 'siswa', '768', '4', '2022-11-10 05:36:56.515272'),
(523, 'siswa', '588', '1', '2022-11-10 05:37:31.184514'),
(524, 'siswa', '203', '1', '2022-11-10 05:37:45.835722'),
(525, 'siswa', '577', '1', '2022-11-10 05:38:03.916727'),
(526, 'siswa', '587', '4', '2022-11-10 05:38:14.482690'),
(527, 'siswa', '646', '1', '2022-11-10 05:38:54.821277'),
(528, 'siswa', '558', '1', '2022-11-10 05:38:59.046775'),
(529, 'siswa', '647', '1', '2022-11-10 05:39:27.522544'),
(530, 'siswa', '447', '4', '2022-11-10 05:40:00.735917'),
(531, 'siswa', '752', '1', '2022-11-10 05:40:04.247373'),
(532, 'siswa', '763', '1', '2022-11-10 05:40:41.839374'),
(533, 'siswa', '184', '1', '2022-11-10 05:40:57.841987'),
(534, 'siswa', '187', '1', '2022-11-10 05:41:23.703687'),
(535, 'siswa', '576', '2', '2022-11-10 05:41:40.895565'),
(536, 'siswa', '583', '1', '2022-11-10 05:42:24.510261'),
(537, 'siswa', '562', '1', '2022-11-10 05:42:31.729408'),
(538, 'siswa', '582', '4', '2022-11-10 05:42:53.311629'),
(539, 'siswa', '774', '4', '2022-11-10 05:43:13.276238'),
(540, 'siswa', '195', '1', '2022-11-10 05:43:23.698641'),
(541, 'siswa', '201', '3', '2022-11-10 05:43:52.630416'),
(542, 'siswa', '757', '4', '2022-11-10 05:44:28.605662'),
(543, 'siswa', '175', '4', '2022-11-10 05:44:37.013358'),
(544, 'siswa', '177', '4', '2022-11-10 05:45:11.549362'),
(545, 'siswa', '253', '2', '2022-11-10 05:45:42.938253'),
(546, 'siswa', '250', '2', '2022-11-10 05:46:08.143702'),
(547, 'siswa', '659', '3', '2022-11-10 05:46:10.080956'),
(548, 'siswa', '635', '1', '2022-11-10 05:46:56.460279'),
(549, 'siswa', '218', '1', '2022-11-10 05:46:57.743857'),
(550, 'siswa', '192', '4', '2022-11-10 05:47:30.112552'),
(551, 'siswa', '219', '1', '2022-11-10 05:47:40.270620'),
(552, 'siswa', '231', '1', '2022-11-10 05:47:56.057883'),
(553, 'siswa', '713', '2', '2022-11-10 05:48:27.948073'),
(554, 'siswa', '245', '1', '2022-11-10 05:48:39.933442'),
(555, 'siswa', '442', '2', '2022-11-10 05:48:55.297064'),
(556, 'siswa', '454', '3', '2022-11-10 05:49:30.488897'),
(557, 'siswa', '448', '1', '2022-11-10 05:49:53.817762'),
(558, 'siswa', '604', '1', '2022-11-10 05:49:56.626121'),
(559, 'siswa', '600', '4', '2022-11-10 05:51:54.101980'),
(560, 'siswa', '282', '1', '2022-11-10 05:52:45.856913'),
(561, 'siswa', '271', '1', '2022-11-10 05:52:50.430208'),
(562, 'siswa', '772', '1', '2022-11-10 05:53:00.925606'),
(563, 'siswa', '784', '1', '2022-11-10 05:53:16.536571'),
(564, 'siswa', '385', '1', '2022-11-10 05:54:05.216568'),
(565, 'siswa', '174', '4', '2022-11-10 05:54:30.670734'),
(566, 'siswa', '655', '1', '2022-11-10 05:54:46.498773'),
(567, 'siswa', '228', '1', '2022-11-10 05:55:37.979130'),
(568, 'siswa', '214', '1', '2022-11-10 05:56:04.387980'),
(569, 'siswa', '293', '1', '2022-11-10 05:56:15.103986'),
(570, 'siswa', '388', '3', '2022-11-10 05:57:03.151613'),
(571, 'siswa', '596', '1', '2022-11-10 05:57:03.155079'),
(572, 'siswa', '185', '4', '2022-11-10 05:57:11.952421'),
(573, 'siswa', '430', '2', '2022-11-10 05:58:25.514779'),
(574, 'siswa', '182', '4', '2022-11-10 05:58:25.812248'),
(575, 'siswa', '260', '2', '2022-11-10 05:58:46.285525'),
(576, 'siswa', '340', '2', '2022-11-10 05:59:05.783403'),
(577, 'siswa', '423', '1', '2022-11-10 05:59:14.489299'),
(578, 'siswa', '395', '3', '2022-11-10 05:59:37.224951'),
(579, 'siswa', '672', '3', '2022-11-10 05:59:47.793320'),
(580, 'siswa', '356', '2', '2022-11-10 05:59:52.070688'),
(581, 'siswa', '361', '2', '2022-11-10 06:00:40.007926'),
(582, 'siswa', '670', '3', '2022-11-10 06:00:45.801935'),
(583, 'siswa', '342', '3', '2022-11-10 06:01:03.901377'),
(584, 'siswa', '627', '1', '2022-11-10 06:01:16.909195'),
(585, 'siswa', '386', '1', '2022-11-10 06:02:34.105494'),
(586, 'siswa', '679', '3', '2022-11-10 06:03:34.632641'),
(587, 'siswa', '30', '1', '2022-11-10 06:03:50.533702'),
(588, 'siswa', '376', '1', '2022-11-10 06:04:04.235139'),
(589, 'siswa', '689', '1', '2022-11-10 06:04:59.044598'),
(590, 'siswa', '638', '1', '2022-11-10 06:05:11.119828'),
(591, 'siswa', '287', '1', '2022-11-10 06:05:12.382041'),
(592, 'siswa', '690', '1', '2022-11-10 06:05:53.213502'),
(593, 'siswa', '678', '1', '2022-11-10 06:06:35.873374'),
(594, 'siswa', '139', '3', '2022-11-10 06:07:39.929045'),
(595, 'siswa', '168', '1', '2022-11-10 06:07:44.420574'),
(596, 'siswa', '101', '1', '2022-11-10 06:08:13.170680'),
(597, 'siswa', '138', '1', '2022-11-10 06:08:22.886150'),
(598, 'siswa', '730', '1', '2022-11-10 06:08:45.667356'),
(599, 'siswa', '134', '1', '2022-11-10 06:09:11.961319'),
(600, 'siswa', '283', '1', '2022-11-10 06:09:58.977513'),
(601, 'siswa', '202', '1', '2022-11-10 06:10:06.789762'),
(602, 'siswa', '241', '2', '2022-11-10 06:11:18.941072'),
(603, 'siswa', '296', '1', '2022-11-10 06:11:26.807138'),
(604, 'siswa', '270', '1', '2022-11-10 06:11:36.158711'),
(605, 'siswa', '653', '3', '2022-11-10 06:11:56.246273'),
(606, 'siswa', '239', '2', '2022-11-10 06:12:18.049483'),
(607, 'siswa', '421', '2', '2022-11-10 06:13:54.748899'),
(608, 'siswa', '667', '1', '2022-11-10 06:14:48.891154'),
(609, 'siswa', '276', '1', '2022-11-10 06:17:30.354345'),
(610, 'siswa', '272', '4', '2022-11-10 06:18:10.040807');

-- --------------------------------------------------------

--
-- Table structure for table `groups`
--

CREATE TABLE `groups` (
  `id` mediumint(8) UNSIGNED NOT NULL,
  `name` varchar(20) NOT NULL,
  `description` varchar(100) NOT NULL
) ENGINE=InnoDB DEFAULT CHARSET=utf8;

--
-- Dumping data for table `groups`
--

INSERT INTO `groups` (`id`, `name`, `description`) VALUES
(1, 'admin', 'Administrator'),
(2, 'members', 'General User');

-- --------------------------------------------------------

--
-- Table structure for table `import`
--

CREATE TABLE `import` (
  `id` int(11) NOT NULL,
  `first_name` varchar(100) NOT NULL,
  `last_name` varchar(100) NOT NULL,
  `email` varchar(255) NOT NULL,
  `dob` varchar(20) NOT NULL,
  `contact_no` varchar(16) NOT NULL
) ENGINE=InnoDB DEFAULT CHARSET=latin1;

-- --------------------------------------------------------

--
-- Table structure for table `kandidat`
--

CREATE TABLE `kandidat` (
  `idkandidat` int(9) NOT NULL,
  `organisasi` varchar(50) NOT NULL,
  `nama` varchar(60) NOT NULL,
  `nourut` varchar(9) NOT NULL,
  `jumlahsuara` varchar(9) NOT NULL,
  `visi` text NOT NULL,
  `misi` text NOT NULL,
  `foto` varchar(50) NOT NULL,
  `status` varchar(20) NOT NULL
) ENGINE=InnoDB DEFAULT CHARSET=latin1;

--
-- Dumping data for table `kandidat`
--

INSERT INTO `kandidat` (`idkandidat`, `organisasi`, `nama`, `nourut`, `jumlahsuara`, `visi`, `misi`, `foto`, `status`) VALUES
(1, 'OSIS', '1. M. Khusnu Marom - Febi Aryadi', '1', '405', '<p>Menjadikan SMK yang berkualitas, aktif, dan berprestasi dengan berlandaskan iman dan takwa.<br></p>', '<p>1.Memperkuat rasa kekeluargaan antarsiswa dan guru.<br>2.Menanamkan sikap disiplin pada semua siswa.<br>3.Meningkatkan kesadaran siswa tentang kebersihan sekolah.<br>4.Mengembangkan bakat dan potensi yang dimiliki siswa.<br></p>', 'kandidat01.png', '1'),
(2, 'OSIS', '2. Silvi Widya Maulani -  Rizqi Zafatnatur Rohmah', '2', '79', '<p>1. Menampung aspirasi, inspirasi dan kreativitas siswa siswi SMK negeri 1 Sayung di bidang akademik maupun non akademik serta mengoptimalkan nilai moral demi menghasilkan lingkungan yang kondusif <br></p>', '<p>1. mengadakan event yang di salurkan dari aspirasi siswa siswi SMK negeri 1 Sayung<br>2. Mengadakan lomba yang mampu mengasah kreativitas siswa siswi SMK negeri 1 Sayung<br>3. Menjadikan siswa siswi SMK negeri 1 Sayung yang menjunjung tinggi nilai moral dan etika<br></p>', 'kandidat02.png', '1'),
(3, 'OSIS', '3. Setya Neng Rahayu -  Dhanil Rizqi Aryanto', '3', '73', '<p>Meningkatkan keimanan dan ketakwaan para siswa dan siswi terhadap Tuhan Yang Maha Esa, dan Meningkatkan kepedulian sekolah, Serta Mewujudkan salah satu yel-yel SMK N 1 SAYUNG yaitu : Berkarya Bersama Bisa.<br></p>', '<p>1.Meningkatkan kegiatan-kegiatan keagamaan bagi seluruh siswa/siswi SMK N 1 SAYUNG.<br>2.Mengoptimalkan kreativitas para siswa/siswi melalui ekstrakurikuler yang ada di sekolah.<br>3.Membantu siswa dan siswi  SMK N 1 SAYUNG menuangkan ide/gagasanya dengan berkarya/berkreasi sesuai dengan keinginannya.<br>4.Bersama-sama kita membangun lingkungan SMK N 1 SAYUNG menjadi sekolah yang menjunjung tinggi sopan santun, dan tata krama.<br>5. Mendorong siswa siswi SMK N 1 SAYUNG untuk mewujudkan apa yang ingin ia capai, dan menjadikan osis sebagai perantara dalam mewujudkannya.<br></p>', 'Kandidat03.png', '1'),
(4, 'OSIS', '4. Mutmainah Septiarini - FardanAuliaPratama', '4', '46', '<p>Menciptakan suasana sekolah yang cinta keberagaman, menyenangkan dan cinta lingkungan<br></p>', '<p>1.menumbuhkan  keimanan dan ketaqwaan kepada tuhan yme<br>2.mengutamakan kerja sama dan kebersamaan <br>3.menanamkan sikap disiplin pada siswa<br>4.menjadikan osis sebagai contoh teladan.disiplin waktu dan tempat<br>5.membantu sebisa mungkin untuk sekolah lebih baik dari sebelum nya<br></p>', 'kandidat04.jpg', '1');

-- --------------------------------------------------------

--
-- Table structure for table `kelas`
--

CREATE TABLE `kelas` (
  `idkelas` int(9) NOT NULL,
  `kelas` varchar(50) NOT NULL,
  `jumlah` int(10) NOT NULL
) ENGINE=InnoDB DEFAULT CHARSET=latin1;

--
-- Dumping data for table `kelas`
--

INSERT INTO `kelas` (`idkelas`, `kelas`, `jumlah`) VALUES
(1, 'X TPLF', 34),
(3, 'X  TO 1', 32),
(4, 'X TO 2', 34),
(5, 'X PPLG 1', 33),
(6, 'X PPLG 2', 34),
(7, 'X  KULINER 1', 33),
(8, 'X  KULINER 2', 34),
(9, 'X  BUSANA 1', 32),
(10, 'X  BUSANA 2', 33),
(11, 'XI   TO', 33),
(12, 'XI  TPFL 1', 32),
(13, 'XI  TPFL 2', 31),
(14, 'XI  PPLG 1', 35),
(15, 'XI  PPLG 2', 33),
(16, 'XI  KULINER 1', 31),
(17, 'XI KULINER 2', 31),
(18, 'XI BUSANA', 32),
(19, 'XII TBSM 1', 31),
(20, 'XII TBSM 2', 33),
(21, 'XII TL', 34),
(22, 'XII RPL 1', 33),
(23, 'XII RPL 2', 34),
(24, 'XII TBG 1', 28),
(25, 'XII TBG 2', 30),
(26, 'XII TB', 33);

-- --------------------------------------------------------

--
-- Table structure for table `login_attempts`
--

CREATE TABLE `login_attempts` (
  `id` int(11) UNSIGNED NOT NULL,
  `ip_address` varchar(45) NOT NULL,
  `login` varchar(100) NOT NULL,
  `time` int(11) UNSIGNED DEFAULT NULL
) ENGINE=InnoDB DEFAULT CHARSET=utf8;

--
-- Dumping data for table `login_attempts`
--

INSERT INTO `login_attempts` (`id`, `ip_address`, `login`, `time`) VALUES
(19, '::1', 'admin', 1668061181),
(20, '::1', 'admin', 1668061186);

-- --------------------------------------------------------

--
-- Table structure for table `settings`
--

CREATE TABLE `settings` (
  `id` int(32) NOT NULL,
  `timestamp` timestamp NOT NULL DEFAULT current_timestamp(),
  `penyelenggara` text NOT NULL,
  `tps` text NOT NULL,
  `provinsi` text NOT NULL,
  `kota` text NOT NULL,
  `kecamatan` text NOT NULL,
  `kelurahan` text NOT NULL,
  `alamat` text NOT NULL
) ENGINE=InnoDB DEFAULT CHARSET=latin1;

--
-- Dumping data for table `settings`
--

INSERT INTO `settings` (`id`, `timestamp`, `penyelenggara`, `tps`, `provinsi`, `kota`, `kecamatan`, `kelurahan`, `alamat`) VALUES
(1, '2019-12-03 19:35:11', 'E-Voting SMKN 1 Sayung', '01', 'Jawa Tengah', 'Demak', 'Sayung', 'Onggorawe', 'JL.Semarang Demak KM.14 Sayung Demak, Jawa Tengah');

-- --------------------------------------------------------

--
-- Table structure for table `users`
--

CREATE TABLE `users` (
  `id` int(11) UNSIGNED NOT NULL,
  `ip_address` varchar(45) NOT NULL,
  `username` varchar(100) DEFAULT NULL,
  `password` varchar(255) NOT NULL,
  `email` varchar(254) NOT NULL,
  `activation_selector` varchar(255) DEFAULT NULL,
  `activation_code` varchar(255) DEFAULT NULL,
  `forgotten_password_selector` varchar(255) DEFAULT NULL,
  `forgotten_password_code` varchar(255) DEFAULT NULL,
  `forgotten_password_time` int(11) UNSIGNED DEFAULT NULL,
  `remember_selector` varchar(255) DEFAULT NULL,
  `remember_code` varchar(255) DEFAULT NULL,
  `created_on` int(11) UNSIGNED NOT NULL,
  `last_login` int(11) UNSIGNED DEFAULT NULL,
  `active` tinyint(1) UNSIGNED DEFAULT NULL,
  `first_name` varchar(50) DEFAULT NULL,
  `last_name` varchar(50) DEFAULT NULL,
  `company` varchar(100) DEFAULT NULL,
  `phone` varchar(20) DEFAULT NULL
) ENGINE=InnoDB DEFAULT CHARSET=utf8;

--
-- Dumping data for table `users`
--

INSERT INTO `users` (`id`, `ip_address`, `username`, `password`, `email`, `activation_selector`, `activation_code`, `forgotten_password_selector`, `forgotten_password_code`, `forgotten_password_time`, `remember_selector`, `remember_code`, `created_on`, `last_login`, `active`, `first_name`, `last_name`, `company`, `phone`) VALUES
(1, '127.0.0.1', 'administrator', '$2y$12$h284l2AxjUb.USGznH5hS.gZumrupelAZMMca9uXkQyDCJViPHSL.', 'admin@admin.com', NULL, NULL, NULL, NULL, NULL, NULL, NULL, 1268889823, 1668136447, 1, 'Administrator', 'Utama', 'ADMIN', '0');

-- --------------------------------------------------------

--
-- Table structure for table `users_groups`
--

CREATE TABLE `users_groups` (
  `id` int(11) UNSIGNED NOT NULL,
  `user_id` int(11) UNSIGNED NOT NULL,
  `group_id` mediumint(8) UNSIGNED NOT NULL
) ENGINE=InnoDB DEFAULT CHARSET=utf8;

--
-- Dumping data for table `users_groups`
--

INSERT INTO `users_groups` (`id`, `user_id`, `group_id`) VALUES
(8, 1, 1),
(9, 1, 2);

--
-- Indexes for dumped tables
--

--
-- Indexes for table `data_pemilih`
--
ALTER TABLE `data_pemilih`
  ADD PRIMARY KEY (`id`);

--
-- Indexes for table `data_pemilihan`
--
ALTER TABLE `data_pemilihan`
  ADD PRIMARY KEY (`idpemilihan`);

--
-- Indexes for table `groups`
--
ALTER TABLE `groups`
  ADD PRIMARY KEY (`id`);

--
-- Indexes for table `import`
--
ALTER TABLE `import`
  ADD PRIMARY KEY (`id`);

--
-- Indexes for table `kandidat`
--
ALTER TABLE `kandidat`
  ADD PRIMARY KEY (`idkandidat`);

--
-- Indexes for table `kelas`
--
ALTER TABLE `kelas`
  ADD PRIMARY KEY (`idkelas`);

--
-- Indexes for table `login_attempts`
--
ALTER TABLE `login_attempts`
  ADD PRIMARY KEY (`id`);

--
-- Indexes for table `settings`
--
ALTER TABLE `settings`
  ADD PRIMARY KEY (`id`);

--
-- Indexes for table `users`
--
ALTER TABLE `users`
  ADD PRIMARY KEY (`id`),
  ADD UNIQUE KEY `uc_email` (`email`),
  ADD UNIQUE KEY `uc_activation_selector` (`activation_selector`),
  ADD UNIQUE KEY `uc_forgotten_password_selector` (`forgotten_password_selector`),
  ADD UNIQUE KEY `uc_remember_selector` (`remember_selector`);

--
-- Indexes for table `users_groups`
--
ALTER TABLE `users_groups`
  ADD PRIMARY KEY (`id`),
  ADD UNIQUE KEY `uc_users_groups` (`user_id`,`group_id`),
  ADD KEY `fk_users_groups_users1_idx` (`user_id`),
  ADD KEY `fk_users_groups_groups1_idx` (`group_id`);

--
-- AUTO_INCREMENT for dumped tables
--

--
-- AUTO_INCREMENT for table `data_pemilih`
--
ALTER TABLE `data_pemilih`
  MODIFY `id` int(9) NOT NULL AUTO_INCREMENT, AUTO_INCREMENT=863;

--
-- AUTO_INCREMENT for table `data_pemilihan`
--
ALTER TABLE `data_pemilihan`
  MODIFY `idpemilihan` int(9) NOT NULL AUTO_INCREMENT, AUTO_INCREMENT=611;

--
-- AUTO_INCREMENT for table `groups`
--
ALTER TABLE `groups`
  MODIFY `id` mediumint(8) UNSIGNED NOT NULL AUTO_INCREMENT, AUTO_INCREMENT=3;

--
-- AUTO_INCREMENT for table `import`
--
ALTER TABLE `import`
  MODIFY `id` int(11) NOT NULL AUTO_INCREMENT;

--
-- AUTO_INCREMENT for table `kandidat`
--
ALTER TABLE `kandidat`
  MODIFY `idkandidat` int(9) NOT NULL AUTO_INCREMENT, AUTO_INCREMENT=13;

--
-- AUTO_INCREMENT for table `kelas`
--
ALTER TABLE `kelas`
  MODIFY `idkelas` int(9) NOT NULL AUTO_INCREMENT, AUTO_INCREMENT=58;

--
-- AUTO_INCREMENT for table `login_attempts`
--
ALTER TABLE `login_attempts`
  MODIFY `id` int(11) UNSIGNED NOT NULL AUTO_INCREMENT, AUTO_INCREMENT=21;

--
-- AUTO_INCREMENT for table `settings`
--
ALTER TABLE `settings`
  MODIFY `id` int(32) NOT NULL AUTO_INCREMENT, AUTO_INCREMENT=2;

--
-- AUTO_INCREMENT for table `users`
--
ALTER TABLE `users`
  MODIFY `id` int(11) UNSIGNED NOT NULL AUTO_INCREMENT, AUTO_INCREMENT=3;

--
-- AUTO_INCREMENT for table `users_groups`
--
ALTER TABLE `users_groups`
  MODIFY `id` int(11) UNSIGNED NOT NULL AUTO_INCREMENT, AUTO_INCREMENT=10;

--
-- Constraints for dumped tables
--

--
-- Constraints for table `users_groups`
--
ALTER TABLE `users_groups`
  ADD CONSTRAINT `fk_users_groups_groups1` FOREIGN KEY (`group_id`) REFERENCES `groups` (`id`) ON DELETE CASCADE ON UPDATE NO ACTION,
  ADD CONSTRAINT `fk_users_groups_users1` FOREIGN KEY (`user_id`) REFERENCES `users` (`id`) ON DELETE CASCADE ON UPDATE NO ACTION;
COMMIT;

/*!40101 SET CHARACTER_SET_CLIENT=@OLD_CHARACTER_SET_CLIENT */;
/*!40101 SET CHARACTER_SET_RESULTS=@OLD_CHARACTER_SET_RESULTS */;
/*!40101 SET COLLATION_CONNECTION=@OLD_COLLATION_CONNECTION */;
